#
# There is insufficient memory for the Java Runtime Environment to continue.
# Native memory allocation (mmap) failed to map 673185792 bytes. Error detail: G1 virtual space
# Possible reasons:
#   The system is out of physical RAM or swap space
#   This process is running with CompressedOops enabled, and the Java Heap may be blocking the growth of the native heap
# Possible solutions:
#   Reduce memory load on the system
#   Increase physical memory or swap space
#   Check if swap backing store is full
#   Decrease Java heap size (-Xmx/-Xms)
#   Decrease number of Java threads
#   Decrease Java thread stack sizes (-Xss)
#   Set larger code cache with -XX:ReservedCodeCacheSize=
#   JVM is running with Zero Based Compressed Oops mode in which the Java heap is
#     placed in the first 32GB address space. The Java Heap base address is the
#     maximum limit for the native heap growth. Please use -XX:HeapBaseMinAddress
#     to set the Java Heap base and to place the Java Heap above 32GB virtual address.
# This output file may be truncated or incomplete.
#
#  Out of Memory Error (os_windows.cpp:3618), pid=18036, tid=10964
#
# JRE version: OpenJDK Runtime Environment Temurin-17.0.16+8 (17.0.16+8) (build 17.0.16+8)
# Java VM: OpenJDK 64-Bit Server VM Temurin-17.0.16+8 (17.0.16+8, mixed mode, sharing, tiered, compressed oops, compressed class ptrs, g1 gc, windows-amd64)
# No core dump will be written. Minidumps are not enabled by default on client versions of Windows
#

---------------  S U M M A R Y ------------

Command Line: --add-opens=java.base/java.lang=ALL-UNNAMED --add-opens=java.base/java.lang.invoke=ALL-UNNAMED --add-opens=java.base/java.util=ALL-UNNAMED --add-opens=java.prefs/java.util.prefs=ALL-UNNAMED --add-exports=jdk.compiler/com.sun.tools.javac.api=ALL-UNNAMED --add-exports=jdk.compiler/com.sun.tools.javac.util=ALL-UNNAMED --add-opens=java.base/java.util=ALL-UNNAMED --add-opens=java.prefs/java.util.prefs=ALL-UNNAMED --add-opens=java.base/java.nio.charset=ALL-UNNAMED --add-opens=java.base/java.net=ALL-UNNAMED --add-opens=java.base/java.util.concurrent=ALL-UNNAMED --add-opens=java.base/java.util.concurrent.atomic=ALL-UNNAMED --add-opens=java.xml/javax.xml.namespace=ALL-UNNAMED -XX:MaxMetaspaceSize=512m -Xmx4096m -Dfile.encoding=windows-1252 -Duser.country=ID -Duser.language=en -Duser.variant -javaagent:C:\Users\USER\.gradle\wrapper\dists\gradle-9.0.0-bin\d6wjpkvcgsg3oed0qlfss3wgl\gradle-9.0.0\lib\agents\gradle-instrumentation-agent-9.0.0.jar org.gradle.launcher.daemon.bootstrap.GradleDaemon 9.0.0

Host: Intel(R) Celeron(R) N4120 CPU @ 1.10GHz, 4 cores, 3G,  Windows 11 , 64 bit Build 26100 (10.0.26100.7019)
Time: Thu Nov 13 14:06:16 2025 SE Asia Standard Time elapsed time: 1443.306681 seconds (0d 0h 24m 3s)

---------------  T H R E A D  ---------------

Current thread (0x00000254a47edd20):  VMThread "VM Thread" [stack: 0x000000579a300000,0x000000579a400000] [id=10964]

Stack: [0x000000579a300000,0x000000579a400000]
Native frames: (J=compiled Java code, j=interpreted, Vv=VM code, C=native code)
V  [jvm.dll+0x683169]
V  [jvm.dll+0x839ac8]
V  [jvm.dll+0x83b573]
V  [jvm.dll+0x83bbe3]
V  [jvm.dll+0x2473ff]
V  [jvm.dll+0x67ff49]
V  [jvm.dll+0x674e3a]
V  [jvm.dll+0x304ea6]
V  [jvm.dll+0x30c366]
V  [jvm.dll+0x35deee]
V  [jvm.dll+0x35e12d]
V  [jvm.dll+0x2dc26c]
V  [jvm.dll+0x2da60f]
V  [jvm.dll+0x2d9d7c]
V  [jvm.dll+0x31d55b]
V  [jvm.dll+0x84041d]
V  [jvm.dll+0x841153]
V  [jvm.dll+0x84167f]
V  [jvm.dll+0x841a64]
V  [jvm.dll+0x841b2e]
V  [jvm.dll+0x7e979c]
V  [jvm.dll+0x682047]
C  [ucrtbase.dll+0x37b0]
C  [KERNEL32.DLL+0x2e8d7]
C  [ntdll.dll+0x8c53c]

VM_Operation (0x000000579d7fa6b0): G1CollectForAllocation, mode: safepoint, requested by thread 0x00000254c91cd8c0


---------------  P R O C E S S  ---------------

Threads class SMR info:
_java_thread_list=0x00000254d0df2bc0, length=97, elements={
0x000002548180f800, 0x00000254a47f6030, 0x00000254a47f7e10, 0x00000254a4810ff0,
0x00000254a48158e0, 0x00000254a48174c0, 0x00000254a481b0e0, 0x00000254a482bcc0,
0x00000254a4851d80, 0x00000254a4852690, 0x00000254a47e20b0, 0x00000254a4b00490,
0x00000254c545fc90, 0x00000254c5659380, 0x00000254c544e770, 0x00000254c54d7fe0,
0x00000254c54d75c0, 0x00000254c54d9e40, 0x00000254c54da860, 0x00000254c54d70b0,
0x00000254c6c6f7b0, 0x00000254c6c71b20, 0x00000254c74508a0, 0x00000254c91cf720,
0x00000254c91cfc30, 0x00000254c42b0000, 0x00000254c7453b40, 0x00000254caaa2c30,
0x00000254caaa59c0, 0x00000254caaa2210, 0x00000254caaa68f0, 0x00000254caaa5ed0,
0x00000254caaa6e00, 0x00000254caaa7310, 0x00000254caaa63e0, 0x00000254caaa7820,
0x00000254caaa4070, 0x00000254caaa7d30, 0x00000254caaa4580, 0x00000254caaa8240,
0x00000254caaa8750, 0x00000254caaa8c60, 0x00000254caaa9170, 0x00000254caaa9680,
0x00000254c91cb040, 0x00000254c91cab30, 0x00000254c91cba60, 0x00000254c91cc480,
0x00000254c91cbf70, 0x00000254c91c8cd0, 0x00000254c91c96f0, 0x00000254c91ccea0,
0x00000254c91ca110, 0x00000254c91cd3b0, 0x00000254c91cb550, 0x00000254c91c9c00,
0x00000254c91cd8c0, 0x00000254c91cddd0, 0x00000254c91ca620, 0x00000254c91ce7f0,
0x00000254c91ce2e0, 0x00000254c91ced00, 0x00000254c91cf210, 0x00000254c6c72030,
0x00000254c6c6f2a0, 0x00000254c6c72a50, 0x00000254c6c70bf0, 0x00000254c6c71100,
0x00000254c6c72f60, 0x00000254c6c6fcc0, 0x00000254c6c73980, 0x00000254c6c73e90,
0x00000254c6c706e0, 0x00000254c6c74dc0, 0x00000254c6c757e0, 0x00000254c6c752d0,
0x00000254c6c75cf0, 0x00000254c6c76200, 0x00000254c6c743a0, 0x00000254c6c76710,
0x00000254c74512c0, 0x00000254c7453120, 0x00000254c744f970, 0x00000254c744fe80,
0x00000254c7454050, 0x00000254c74517d0, 0x00000254c7454560, 0x00000254c7450db0,
0x00000254c74568d0, 0x00000254c7454a70, 0x00000254c7454f80, 0x00000254c74563c0,
0x00000254c42b32a0, 0x00000254c42b37b0, 0x00000254c42b1950, 0x00000254c42b6540,
0x00000254c42b4bf0
}

Java Threads: ( => current thread )
  0x000002548180f800 JavaThread "main" [_thread_blocked, id=20624, stack(0x0000005799d00000,0x0000005799e00000)]
  0x00000254a47f6030 JavaThread "Reference Handler" daemon [_thread_blocked, id=16532, stack(0x000000579a400000,0x000000579a500000)]
  0x00000254a47f7e10 JavaThread "Finalizer" daemon [_thread_blocked, id=20340, stack(0x000000579a500000,0x000000579a600000)]
  0x00000254a4810ff0 JavaThread "Signal Dispatcher" daemon [_thread_blocked, id=21716, stack(0x000000579a600000,0x000000579a700000)]
  0x00000254a48158e0 JavaThread "Attach Listener" daemon [_thread_blocked, id=22288, stack(0x000000579a700000,0x000000579a800000)]
  0x00000254a48174c0 JavaThread "Service Thread" daemon [_thread_blocked, id=20072, stack(0x000000579a800000,0x000000579a900000)]
  0x00000254a481b0e0 JavaThread "Monitor Deflation Thread" daemon [_thread_blocked, id=21548, stack(0x000000579a900000,0x000000579aa00000)]
  0x00000254a482bcc0 JavaThread "C2 CompilerThread0" daemon [_thread_blocked, id=22224, stack(0x000000579aa00000,0x000000579ab00000)]
  0x00000254a4851d80 JavaThread "C1 CompilerThread0" daemon [_thread_blocked, id=21588, stack(0x000000579ab00000,0x000000579ac00000)]
  0x00000254a4852690 JavaThread "Sweeper thread" daemon [_thread_blocked, id=19516, stack(0x000000579ac00000,0x000000579ad00000)]
  0x00000254a47e20b0 JavaThread "Common-Cleaner" daemon [_thread_blocked, id=12600, stack(0x000000579ad00000,0x000000579ae00000)]
  0x00000254a4b00490 JavaThread "Notification Thread" daemon [_thread_blocked, id=11020, stack(0x000000579ae00000,0x000000579af00000)]
  0x00000254c545fc90 JavaThread "Daemon health stats" [_thread_blocked, id=20172, stack(0x000000579b400000,0x000000579b500000)]
  0x00000254c5659380 JavaThread "Incoming local TCP Connector on port 52942" [_thread_in_native, id=15320, stack(0x000000579b200000,0x000000579b300000)]
  0x00000254c544e770 JavaThread "Daemon periodic checks" [_thread_blocked, id=13792, stack(0x000000579b500000,0x000000579b600000)]
  0x00000254c54d7fe0 JavaThread "Cache worker for journal cache (C:\Users\USER\.gradle\caches\journal-1)" [_thread_blocked, id=16328, stack(0x000000579bd00000,0x000000579be00000)]
  0x00000254c54d75c0 JavaThread "File lock request listener" [_thread_in_native, id=6036, stack(0x000000579be00000,0x000000579bf00000)]
  0x00000254c54d9e40 JavaThread "Cache worker for file hash cache (C:\Users\USER\.gradle\caches\9.0.0\fileHashes)" [_thread_blocked, id=3116, stack(0x000000579bf00000,0x000000579c000000)]
  0x00000254c54da860 JavaThread "File watcher server" daemon [_thread_blocked, id=15296, stack(0x000000579c300000,0x000000579c400000)]
  0x00000254c54d70b0 JavaThread "File watcher consumer" daemon [_thread_blocked, id=20460, stack(0x000000579c400000,0x000000579c500000)]
  0x00000254c6c6f7b0 JavaThread "Cache worker for file content cache (C:\Users\USER\.gradle\caches\9.0.0\fileContent)" [_thread_blocked, id=12684, stack(0x000000579c500000,0x000000579c600000)]
  0x00000254c6c71b20 JavaThread "jar transforms" [_thread_blocked, id=22300, stack(0x000000579c600000,0x000000579c700000)]
  0x00000254c74508a0 JavaThread "Memory manager" [_thread_blocked, id=232, stack(0x000000579dd00000,0x000000579de00000)]
  0x00000254c91cf720 JavaThread "jar transforms Thread 2" [_thread_blocked, id=13852, stack(0x000000579fc00000,0x000000579fd00000)]
  0x00000254c91cfc30 JavaThread "jar transforms Thread 3" [_thread_blocked, id=15032, stack(0x000000579fd00000,0x000000579fe00000)]
  0x00000254c42b0000 JavaThread "jar transforms Thread 4" [_thread_blocked, id=9944, stack(0x00000057a0100000,0x00000057a0200000)]
  0x00000254c7453b40 JavaThread "pool-3-thread-1" [_thread_blocked, id=16736, stack(0x000000579e400000,0x000000579e500000)]
  0x00000254caaa2c30 JavaThread "Daemon Thread 2" [_thread_blocked, id=16044, stack(0x0000005799a00000,0x0000005799b00000)]
  0x00000254caaa59c0 JavaThread "Handler for socket connection from /127.0.0.1:52942 to /127.0.0.1:49682" [_thread_in_native, id=7796, stack(0x0000005799b00000,0x0000005799c00000)]
  0x00000254caaa2210 JavaThread "Cancel handler" [_thread_blocked, id=19660, stack(0x0000005799c00000,0x0000005799d00000)]
  0x00000254caaa68f0 JavaThread "Daemon worker Thread 2" [_thread_blocked, id=19468, stack(0x000000579b600000,0x000000579b700000)]
  0x00000254caaa5ed0 JavaThread "Asynchronous log dispatcher for DefaultDaemonConnection: socket connection from /127.0.0.1:52942 to /127.0.0.1:49682" [_thread_blocked, id=19012, stack(0x000000579b700000,0x000000579b800000)]
  0x00000254caaa6e00 JavaThread "Stdin handler" [_thread_blocked, id=21428, stack(0x000000579b800000,0x000000579b900000)]
  0x00000254caaa7310 JavaThread "Daemon client event forwarder" [_thread_blocked, id=6252, stack(0x000000579b900000,0x000000579ba00000)]
  0x00000254caaa63e0 JavaThread "Cache worker for file hash cache (C:\Android_HL\amgtech\amgtech\android\.gradle\9.0.0\fileHashes)" [_thread_blocked, id=22420, stack(0x000000579ba00000,0x000000579bb00000)]
  0x00000254caaa7820 JavaThread "Cache worker for Build Output Cleanup Cache (C:\Android_HL\amgtech\amgtech\android\.gradle\buildOutputCleanup)" [_thread_blocked, id=11492, stack(0x000000579bb00000,0x000000579bc00000)]
  0x00000254caaa4070 JavaThread "Cache worker for checksums cache (C:\Android_HL\amgtech\amgtech\android\.gradle\9.0.0\checksums)" [_thread_blocked, id=18068, stack(0x000000579bc00000,0x000000579bd00000)]
  0x00000254caaa7d30 JavaThread "Cache worker for cache directory md-supplier (C:\Users\USER\.gradle\caches\9.0.0\md-supplier)" [_thread_blocked, id=9840, stack(0x000000579c000000,0x000000579c100000)]
  0x00000254caaa4580 JavaThread "Cache worker for cache directory md-rule (C:\Users\USER\.gradle\caches\9.0.0\md-rule)" [_thread_blocked, id=20864, stack(0x000000579c100000,0x000000579c200000)]
  0x00000254caaa8240 JavaThread "Cache worker for Build Output Cleanup Cache (C:\Android_HL\amgtech\amgtech\node_modules\@react-native\gradle-plugin\.gradle\buildOutputCleanup)" [_thread_blocked, id=14324, stack(0x000000579c200000,0x000000579c300000)]
  0x00000254caaa8750 JavaThread "Unconstrained build operations" [_thread_blocked, id=21732, stack(0x000000579c700000,0x000000579c800000)]
  0x00000254caaa8c60 JavaThread "Unconstrained build operations Thread 2" [_thread_blocked, id=12072, stack(0x000000579c800000,0x000000579c900000)]
  0x00000254caaa9170 JavaThread "Unconstrained build operations Thread 3" [_thread_blocked, id=19884, stack(0x000000579c900000,0x000000579ca00000)]
  0x00000254caaa9680 JavaThread "Unconstrained build operations Thread 4" [_thread_blocked, id=15724, stack(0x000000579ca00000,0x000000579cb00000)]
  0x00000254c91cb040 JavaThread "Unconstrained build operations Thread 5" [_thread_blocked, id=13456, stack(0x000000579cb00000,0x000000579cc00000)]
  0x00000254c91cab30 JavaThread "Unconstrained build operations Thread 6" [_thread_blocked, id=13480, stack(0x000000579cc00000,0x000000579cd00000)]
  0x00000254c91cba60 JavaThread "Unconstrained build operations Thread 7" [_thread_blocked, id=17956, stack(0x000000579cd00000,0x000000579ce00000)]
  0x00000254c91cc480 JavaThread "Unconstrained build operations Thread 8" [_thread_blocked, id=21992, stack(0x000000579ce00000,0x000000579cf00000)]
  0x00000254c91cbf70 JavaThread "Unconstrained build operations Thread 9" [_thread_blocked, id=12120, stack(0x000000579cf00000,0x000000579d000000)]
  0x00000254c91c8cd0 JavaThread "Unconstrained build operations Thread 10" [_thread_blocked, id=5636, stack(0x000000579d000000,0x000000579d100000)]
  0x00000254c91c96f0 JavaThread "build event listener" [_thread_blocked, id=5784, stack(0x000000579d100000,0x000000579d200000)]
  0x00000254c91ccea0 JavaThread "ForkJoinPool.commonPool-worker-5" daemon [_thread_blocked, id=10840, stack(0x000000579d200000,0x000000579d300000)]
  0x00000254c91ca110 JavaThread "ForkJoinPool.commonPool-worker-6" daemon [_thread_blocked, id=10948, stack(0x000000579d300000,0x000000579d400000)]
  0x00000254c91cd3b0 JavaThread "ForkJoinPool.commonPool-worker-7" daemon [_thread_blocked, id=4700, stack(0x000000579d400000,0x000000579d500000)]
  0x00000254c91cb550 JavaThread "included builds" [_thread_blocked, id=16332, stack(0x000000579d500000,0x000000579d600000)]
  0x00000254c91c9c00 JavaThread "Execution worker" [_thread_blocked, id=19832, stack(0x000000579d600000,0x000000579d700000)]
  0x00000254c91cd8c0 JavaThread "Execution worker Thread 2" [_thread_blocked, id=11692, stack(0x000000579d700000,0x000000579d800000)]
  0x00000254c91cddd0 JavaThread "Execution worker Thread 3" [_thread_blocked, id=11560, stack(0x000000579d800000,0x000000579d900000)]
  0x00000254c91ca620 JavaThread "Cache worker for execution history cache (C:\Android_HL\amgtech\amgtech\node_modules\@react-native\gradle-plugin\.gradle\9.0.0\executionHistory)" [_thread_blocked, id=19392, stack(0x000000579d900000,0x000000579da00000)]
  0x00000254c91ce7f0 JavaThread "Unconstrained build operations Thread 11" [_thread_blocked, id=6548, stack(0x000000579da00000,0x000000579db00000)]
  0x00000254c91ce2e0 JavaThread "Unconstrained build operations Thread 12" [_thread_blocked, id=4960, stack(0x000000579db00000,0x000000579dc00000)]
  0x00000254c91ced00 JavaThread "Unconstrained build operations Thread 13" [_thread_blocked, id=21308, stack(0x000000579dc00000,0x000000579dd00000)]
  0x00000254c91cf210 JavaThread "Unconstrained build operations Thread 14" [_thread_blocked, id=20160, stack(0x000000579de00000,0x000000579df00000)]
  0x00000254c6c72030 JavaThread "Unconstrained build operations Thread 15" [_thread_blocked, id=18684, stack(0x000000579df00000,0x000000579e000000)]
  0x00000254c6c6f2a0 JavaThread "Unconstrained build operations Thread 16" [_thread_blocked, id=7184, stack(0x000000579e000000,0x000000579e100000)]
  0x00000254c6c72a50 JavaThread "Unconstrained build operations Thread 17" [_thread_blocked, id=6564, stack(0x000000579e100000,0x000000579e200000)]
  0x00000254c6c70bf0 JavaThread "Unconstrained build operations Thread 18" [_thread_blocked, id=15512, stack(0x000000579e200000,0x000000579e300000)]
  0x00000254c6c71100 JavaThread "Unconstrained build operations Thread 19" [_thread_blocked, id=11948, stack(0x000000579e300000,0x000000579e400000)]
  0x00000254c6c72f60 JavaThread "Unconstrained build operations Thread 20" [_thread_blocked, id=5656, stack(0x000000579e500000,0x000000579e600000)]
  0x00000254c6c6fcc0 JavaThread "Unconstrained build operations Thread 21" [_thread_blocked, id=1280, stack(0x000000579e600000,0x000000579e700000)]
  0x00000254c6c73980 JavaThread "Unconstrained build operations Thread 22" [_thread_blocked, id=18396, stack(0x000000579e700000,0x000000579e800000)]
  0x00000254c6c73e90 JavaThread "Unconstrained build operations Thread 23" [_thread_blocked, id=8116, stack(0x000000579e800000,0x000000579e900000)]
  0x00000254c6c706e0 JavaThread "Unconstrained build operations Thread 24" [_thread_blocked, id=12076, stack(0x000000579e900000,0x000000579ea00000)]
  0x00000254c6c74dc0 JavaThread "Unconstrained build operations Thread 25" [_thread_blocked, id=22040, stack(0x000000579ea00000,0x000000579eb00000)]
  0x00000254c6c757e0 JavaThread "Unconstrained build operations Thread 26" [_thread_blocked, id=16964, stack(0x000000579eb00000,0x000000579ec00000)]
  0x00000254c6c752d0 JavaThread "Unconstrained build operations Thread 27" [_thread_blocked, id=21852, stack(0x000000579ec00000,0x000000579ed00000)]
  0x00000254c6c75cf0 JavaThread "Unconstrained build operations Thread 28" [_thread_blocked, id=19652, stack(0x000000579ed00000,0x000000579ee00000)]
  0x00000254c6c76200 JavaThread "Unconstrained build operations Thread 29" [_thread_blocked, id=3860, stack(0x000000579ee00000,0x000000579ef00000)]
  0x00000254c6c743a0 JavaThread "Unconstrained build operations Thread 30" [_thread_blocked, id=1356, stack(0x000000579ef00000,0x000000579f000000)]
  0x00000254c6c76710 JavaThread "Unconstrained build operations Thread 31" [_thread_blocked, id=3464, stack(0x000000579f000000,0x000000579f100000)]
  0x00000254c74512c0 JavaThread "Unconstrained build operations Thread 32" [_thread_blocked, id=20164, stack(0x000000579f100000,0x000000579f200000)]
  0x00000254c7453120 JavaThread "build event listener" [_thread_blocked, id=22440, stack(0x000000579f200000,0x000000579f300000)]
  0x00000254c744f970 JavaThread "Problems report writer" [_thread_blocked, id=14532, stack(0x000000579f300000,0x000000579f400000)]
  0x00000254c744fe80 JavaThread "Unconstrained build operations Thread 33" [_thread_blocked, id=21696, stack(0x000000579f400000,0x000000579f500000)]
  0x00000254c7454050 JavaThread "Unconstrained build operations Thread 34" [_thread_blocked, id=3472, stack(0x000000579f500000,0x000000579f600000)]
  0x00000254c74517d0 JavaThread "Unconstrained build operations Thread 35" [_thread_blocked, id=19476, stack(0x000000579f600000,0x000000579f700000)]
  0x00000254c7454560 JavaThread "Unconstrained build operations Thread 36" [_thread_blocked, id=7636, stack(0x000000579f700000,0x000000579f800000)]
  0x00000254c7450db0 JavaThread "Unconstrained build operations Thread 37" [_thread_blocked, id=19356, stack(0x000000579f800000,0x000000579f900000)]
  0x00000254c74568d0 JavaThread "Unconstrained build operations Thread 38" [_thread_blocked, id=9200, stack(0x000000579f900000,0x000000579fa00000)]
  0x00000254c7454a70 JavaThread "Unconstrained build operations Thread 39" [_thread_blocked, id=9384, stack(0x000000579fa00000,0x000000579fb00000)]
  0x00000254c7454f80 JavaThread "Unconstrained build operations Thread 40" [_thread_blocked, id=8988, stack(0x000000579fb00000,0x000000579fc00000)]
  0x00000254c74563c0 JavaThread "Exec process Thread 7" [_thread_blocked, id=15260, stack(0x000000579fe00000,0x000000579ff00000)]
  0x00000254c42b32a0 JavaThread "Exec process Thread 8" [_thread_blocked, id=20824, stack(0x000000579ff00000,0x00000057a0000000)]
  0x00000254c42b37b0 JavaThread "Exec process Thread 9" [_thread_blocked, id=21680, stack(0x00000057a0000000,0x00000057a0100000)]
  0x00000254c42b1950 JavaThread "pool-6-thread-1" [_thread_blocked, id=21336, stack(0x00000057a0400000,0x00000057a0500000)]
  0x00000254c42b6540 JavaThread "build event listener" [_thread_blocked, id=11076, stack(0x00000057a0500000,0x00000057a0600000)]
  0x00000254c42b4bf0 JavaThread "Cache worker for execution history cache (C:\Android_HL\amgtech\amgtech\android\.gradle\9.0.0\executionHistory)" [_thread_blocked, id=19500, stack(0x00000057a0600000,0x00000057a0700000)]

Other Threads:
=>0x00000254a47edd20 VMThread "VM Thread" [stack: 0x000000579a300000,0x000000579a400000] [id=10964]
  0x0000025481810590 WatcherThread [stack: 0x000000579af00000,0x000000579b000000] [id=21508]
  0x000002548187ed20 GCTaskThread "GC Thread#0" [stack: 0x0000005799e00000,0x0000005799f00000] [id=22244]
  0x00000254a4bf9280 GCTaskThread "GC Thread#1" [stack: 0x000000579b000000,0x000000579b100000] [id=17988]
  0x00000254a4c054f0 GCTaskThread "GC Thread#2" [stack: 0x000000579b100000,0x000000579b200000] [id=1732]
  0x00000254c471ee90 GCTaskThread "GC Thread#3" [stack: 0x000000579b300000,0x000000579b400000] [id=13052]
  0x0000025481890850 ConcurrentGCThread "G1 Main Marker" [stack: 0x0000005799f00000,0x000000579a000000] [id=2124]
  0x0000025481892930 ConcurrentGCThread "G1 Conc#0" [stack: 0x000000579a000000,0x000000579a100000] [id=20260]
  0x00000254818bd4f0 ConcurrentGCThread "G1 Refine#0" [stack: 0x000000579a100000,0x000000579a200000] [id=9908]
  0x00000254ca03d940 ConcurrentGCThread "G1 Refine#1" [stack: 0x00000057a0200000,0x00000057a0300000] [id=11856]
  0x00000254818bde30 ConcurrentGCThread "G1 Service" [stack: 0x000000579a200000,0x000000579a300000] [id=7804]

Threads with active compile tasks:
C2 CompilerThread0  1443456 23907       4       org.gradle.api.internal.artifacts.transform.TransformStep::lambda$createInvocation$2 (93 bytes)

VM state: at safepoint (normal execution)

VM Mutex/Monitor currently owned by a thread:  ([mutex/lock_event])
[0x000002548180a760] Threads_lock - owner thread: 0x00000254a47edd20
[0x000002548180b2a0] Heap_lock - owner thread: 0x00000254c91cd8c0

Heap address: 0x0000000700000000, size: 4096 MB, Compressed Oops mode: Zero based, Oop shift amount: 3

CDS archive(s) mapped at: [0x00000254a5000000-0x00000254a5bb0000-0x00000254a5bb0000), size 12255232, SharedBaseAddress: 0x00000254a5000000, ArchiveRelocationMode: 1.
Compressed class space mapped at: 0x00000254a6000000-0x00000254c0000000, reserved size: 436207616
Narrow klass base: 0x00000254a5000000, Narrow klass shift: 0, Narrow klass range: 0x100000000

GC Precious Log:
 CPUs: 4 total, 4 available
 Memory: 3909M
 Large Page Support: Disabled
 NUMA Support: Disabled
 Compressed Oops: Enabled (Zero based)
 Heap Region Size: 2M
 Heap Min Capacity: 8M
 Heap Initial Capacity: 62M
 Heap Max Capacity: 4G
 Pre-touch: Disabled
 Parallel Workers: 4
 Concurrent Workers: 1
 Concurrent Refinement Workers: 4
 Periodic GC: Disabled

Heap:
 garbage-first heap   total 657408K, used 259780K [0x0000000700000000, 0x0000000800000000)
  region size 2048K, 2 young (4096K), 2 survivors (4096K)
 Metaspace       used 137705K, committed 139776K, reserved 557056K
  class space    used 18477K, committed 19520K, reserved 425984K

Heap Regions: E=young(eden), S=young(survivor), O=old, HS=humongous(starts), HC=humongous(continues), CS=collection set, F=free, OA=open archive, CA=closed archive, TAMS=top-at-mark-start (previous, next)
|   0|0x0000000700000000, 0x0000000700200000, 0x0000000700200000|100%|HS|  |TAMS 0x0000000700200000, 0x0000000700000000| Complete 
|   1|0x0000000700200000, 0x0000000700400000, 0x0000000700400000|100%|HC|  |TAMS 0x0000000700400000, 0x0000000700200000| Complete 
|   2|0x0000000700400000, 0x0000000700600000, 0x0000000700600000|100%| O|  |TAMS 0x0000000700600000, 0x0000000700400000| Untracked 
|   3|0x0000000700600000, 0x0000000700800000, 0x0000000700800000|100%| O|  |TAMS 0x0000000700800000, 0x0000000700600000| Untracked 
|   4|0x0000000700800000, 0x0000000700a00000, 0x0000000700a00000|100%| O|  |TAMS 0x0000000700a00000, 0x0000000700800000| Untracked 
|   5|0x0000000700a00000, 0x0000000700c00000, 0x0000000700c00000|100%| O|  |TAMS 0x0000000700c00000, 0x0000000700a00000| Untracked 
|   6|0x0000000700c00000, 0x0000000700e00000, 0x0000000700e00000|100%| O|  |TAMS 0x0000000700e00000, 0x0000000700c00000| Untracked 
|   7|0x0000000700e00000, 0x0000000701000000, 0x0000000701000000|100%| O|  |TAMS 0x0000000701000000, 0x0000000700e00000| Untracked 
|   8|0x0000000701000000, 0x0000000701200000, 0x0000000701200000|100%| O|  |TAMS 0x0000000701200000, 0x0000000701000000| Untracked 
|   9|0x0000000701200000, 0x0000000701400000, 0x0000000701400000|100%| O|  |TAMS 0x0000000701400000, 0x0000000701200000| Untracked 
|  10|0x0000000701400000, 0x0000000701600000, 0x0000000701600000|100%| O|  |TAMS 0x0000000701600000, 0x0000000701400000| Untracked 
|  11|0x0000000701600000, 0x0000000701800000, 0x0000000701800000|100%| O|  |TAMS 0x0000000701800000, 0x0000000701600000| Untracked 
|  12|0x0000000701800000, 0x0000000701a00000, 0x0000000701a00000|100%| O|  |TAMS 0x0000000701a00000, 0x0000000701800000| Untracked 
|  13|0x0000000701a00000, 0x0000000701c00000, 0x0000000701c00000|100%| O|  |TAMS 0x0000000701c00000, 0x0000000701a00000| Untracked 
|  14|0x0000000701c00000, 0x0000000701e00000, 0x0000000701e00000|100%| O|  |TAMS 0x0000000701e00000, 0x0000000701c00000| Untracked 
|  15|0x0000000701e00000, 0x0000000702000000, 0x0000000702000000|100%| O|  |TAMS 0x0000000702000000, 0x0000000701e00000| Untracked 
|  16|0x0000000702000000, 0x0000000702200000, 0x0000000702200000|100%| O|  |TAMS 0x0000000702200000, 0x0000000702000000| Untracked 
|  17|0x0000000702200000, 0x0000000702400000, 0x0000000702400000|100%| O|  |TAMS 0x0000000702400000, 0x0000000702200000| Untracked 
|  18|0x0000000702400000, 0x0000000702600000, 0x0000000702600000|100%| O|  |TAMS 0x0000000702600000, 0x0000000702400000| Untracked 
|  19|0x0000000702600000, 0x0000000702800000, 0x0000000702800000|100%| O|  |TAMS 0x0000000702800000, 0x0000000702600000| Untracked 
|  20|0x0000000702800000, 0x0000000702a00000, 0x0000000702a00000|100%|HS|  |TAMS 0x0000000702a00000, 0x0000000702800000| Complete 
|  21|0x0000000702a00000, 0x0000000702c00000, 0x0000000702c00000|100%|HC|  |TAMS 0x0000000702c00000, 0x0000000702a00000| Complete 
|  22|0x0000000702c00000, 0x0000000702e00000, 0x0000000702e00000|100%| O|  |TAMS 0x0000000702c00000, 0x0000000702c00000| Untracked 
|  23|0x0000000702e00000, 0x0000000703000000, 0x0000000703000000|100%| O|  |TAMS 0x0000000703000000, 0x0000000702e00000| Untracked 
|  24|0x0000000703000000, 0x0000000703200000, 0x0000000703200000|100%|HS|  |TAMS 0x0000000703200000, 0x0000000703000000| Complete 
|  25|0x0000000703200000, 0x0000000703400000, 0x0000000703400000|100%|HC|  |TAMS 0x0000000703400000, 0x0000000703200000| Complete 
|  26|0x0000000703400000, 0x0000000703600000, 0x0000000703600000|100%| O|  |TAMS 0x0000000703400000, 0x0000000703400000| Untracked 
|  27|0x0000000703600000, 0x0000000703800000, 0x0000000703800000|100%| O|  |TAMS 0x0000000703800000, 0x0000000703600000| Untracked 
|  28|0x0000000703800000, 0x0000000703a00000, 0x0000000703a00000|100%| O|  |TAMS 0x0000000703a00000, 0x0000000703800000| Untracked 
|  29|0x0000000703a00000, 0x0000000703c00000, 0x0000000703c00000|100%| O|  |TAMS 0x0000000703c00000, 0x0000000703a00000| Untracked 
|  30|0x0000000703c00000, 0x0000000703c00000, 0x0000000703e00000|  0%| F|  |TAMS 0x0000000703c00000, 0x0000000703c00000| Untracked 
|  31|0x0000000703e00000, 0x0000000704000000, 0x0000000704000000|100%| O|  |TAMS 0x0000000704000000, 0x0000000703e00000| Untracked 
|  32|0x0000000704000000, 0x0000000704000000, 0x0000000704200000|  0%| F|  |TAMS 0x0000000704000000, 0x0000000704000000| Untracked 
|  33|0x0000000704200000, 0x0000000704200000, 0x0000000704400000|  0%| F|  |TAMS 0x0000000704200000, 0x0000000704200000| Untracked 
|  34|0x0000000704400000, 0x0000000704600000, 0x0000000704600000|100%| O|  |TAMS 0x0000000704600000, 0x0000000704400000| Untracked 
|  35|0x0000000704600000, 0x0000000704800000, 0x0000000704800000|100%| O|  |TAMS 0x0000000704600000, 0x0000000704600000| Untracked 
|  36|0x0000000704800000, 0x0000000704a00000, 0x0000000704a00000|100%| O|  |TAMS 0x0000000704a00000, 0x0000000704800000| Untracked 
|  37|0x0000000704a00000, 0x0000000704c00000, 0x0000000704c00000|100%| O|  |TAMS 0x0000000704c00000, 0x0000000704a00000| Untracked 
|  38|0x0000000704c00000, 0x0000000704e00000, 0x0000000704e00000|100%| O|  |TAMS 0x0000000704c00000, 0x0000000704c00000| Untracked 
|  39|0x0000000704e00000, 0x0000000704e00000, 0x0000000705000000|  0%| F|  |TAMS 0x0000000704e00000, 0x0000000704e00000| Untracked 
|  40|0x0000000705000000, 0x0000000705200000, 0x0000000705200000|100%| O|  |TAMS 0x0000000705200000, 0x0000000705000000| Untracked 
|  41|0x0000000705200000, 0x0000000705400000, 0x0000000705400000|100%| O|  |TAMS 0x0000000705400000, 0x0000000705200000| Untracked 
|  42|0x0000000705400000, 0x0000000705600000, 0x0000000705600000|100%| O|  |TAMS 0x0000000705600000, 0x0000000705400000| Untracked 
|  43|0x0000000705600000, 0x0000000705800000, 0x0000000705800000|100%|HS|  |TAMS 0x0000000705800000, 0x0000000705600000| Complete 
|  44|0x0000000705800000, 0x0000000705a00000, 0x0000000705a00000|100%|HC|  |TAMS 0x0000000705a00000, 0x0000000705800000| Complete 
|  45|0x0000000705a00000, 0x0000000705c00000, 0x0000000705c00000|100%| O|  |TAMS 0x0000000705c00000, 0x0000000705a00000| Untracked 
|  46|0x0000000705c00000, 0x0000000705e00000, 0x0000000705e00000|100%| O|  |TAMS 0x0000000705e00000, 0x0000000705c00000| Untracked 
|  47|0x0000000705e00000, 0x0000000706000000, 0x0000000706000000|100%| O|  |TAMS 0x0000000706000000, 0x0000000705e00000| Untracked 
|  48|0x0000000706000000, 0x0000000706200000, 0x0000000706200000|100%| O|  |TAMS 0x0000000706200000, 0x0000000706000000| Untracked 
|  49|0x0000000706200000, 0x0000000706400000, 0x0000000706400000|100%| O|  |TAMS 0x0000000706400000, 0x0000000706200000| Untracked 
|  50|0x0000000706400000, 0x0000000706600000, 0x0000000706600000|100%| O|  |TAMS 0x0000000706600000, 0x0000000706400000| Untracked 
|  51|0x0000000706600000, 0x0000000706800000, 0x0000000706800000|100%| O|  |TAMS 0x0000000706800000, 0x0000000706600000| Untracked 
|  52|0x0000000706800000, 0x0000000706a00000, 0x0000000706a00000|100%| O|  |TAMS 0x0000000706a00000, 0x0000000706800000| Untracked 
|  53|0x0000000706a00000, 0x0000000706c00000, 0x0000000706c00000|100%| O|  |TAMS 0x0000000706c00000, 0x0000000706a00000| Untracked 
|  54|0x0000000706c00000, 0x0000000706e00000, 0x0000000706e00000|100%| O|  |TAMS 0x0000000706e00000, 0x0000000706c00000| Untracked 
|  55|0x0000000706e00000, 0x0000000707000000, 0x0000000707000000|100%| O|  |TAMS 0x0000000707000000, 0x0000000706e00000| Untracked 
|  56|0x0000000707000000, 0x0000000707200000, 0x0000000707200000|100%| O|  |TAMS 0x0000000707200000, 0x0000000707000000| Untracked 
|  57|0x0000000707200000, 0x0000000707400000, 0x0000000707400000|100%| O|  |TAMS 0x0000000707400000, 0x0000000707200000| Untracked 
|  58|0x0000000707400000, 0x0000000707600000, 0x0000000707600000|100%| O|  |TAMS 0x0000000707600000, 0x0000000707400000| Untracked 
|  59|0x0000000707600000, 0x0000000707800000, 0x0000000707800000|100%| O|  |TAMS 0x0000000707800000, 0x0000000707600000| Untracked 
|  60|0x0000000707800000, 0x0000000707868800, 0x0000000707a00000| 20%| O|  |TAMS 0x0000000707800000, 0x0000000707800000| Untracked 
|  61|0x0000000707a00000, 0x0000000707c00000, 0x0000000707c00000|100%| O|  |TAMS 0x0000000707c00000, 0x0000000707a00000| Untracked 
|  62|0x0000000707c00000, 0x0000000707c00000, 0x0000000707e00000|  0%| F|  |TAMS 0x0000000707c00000, 0x0000000707c00000| Untracked 
|  63|0x0000000707e00000, 0x0000000708000000, 0x0000000708000000|100%| O|  |TAMS 0x0000000708000000, 0x0000000707e00000| Untracked 
|  64|0x0000000708000000, 0x0000000708200000, 0x0000000708200000|100%| O|  |TAMS 0x0000000708200000, 0x0000000708000000| Complete 
|  65|0x0000000708200000, 0x0000000708400000, 0x0000000708400000|100%| O|  |TAMS 0x0000000708400000, 0x0000000708200000| Untracked 
|  66|0x0000000708400000, 0x0000000708600000, 0x0000000708600000|100%| O|  |TAMS 0x0000000708600000, 0x0000000708400000| Untracked 
|  67|0x0000000708600000, 0x0000000708800000, 0x0000000708800000|100%| O|  |TAMS 0x0000000708800000, 0x0000000708600000| Untracked 
|  68|0x0000000708800000, 0x0000000708a00000, 0x0000000708a00000|100%| O|  |TAMS 0x0000000708800000, 0x0000000708800000| Untracked 
|  69|0x0000000708a00000, 0x0000000708c00000, 0x0000000708c00000|100%| O|  |TAMS 0x0000000708a00000, 0x0000000708a00000| Untracked 
|  70|0x0000000708c00000, 0x0000000708e00000, 0x0000000708e00000|100%| O|  |TAMS 0x0000000708e00000, 0x0000000708c00000| Untracked 
|  71|0x0000000708e00000, 0x0000000709000000, 0x0000000709000000|100%|HS|  |TAMS 0x0000000709000000, 0x0000000708e00000| Complete 
|  72|0x0000000709000000, 0x0000000709000000, 0x0000000709200000|  0%| F|  |TAMS 0x0000000709000000, 0x0000000709000000| Untracked 
|  73|0x0000000709200000, 0x0000000709400000, 0x0000000709400000|100%| O|  |TAMS 0x0000000709200000, 0x0000000709200000| Untracked 
|  74|0x0000000709400000, 0x0000000709600000, 0x0000000709600000|100%| O|  |TAMS 0x0000000709600000, 0x0000000709400000| Untracked 
|  75|0x0000000709600000, 0x0000000709800000, 0x0000000709800000|100%| O|  |TAMS 0x0000000709800000, 0x0000000709600000| Untracked 
|  76|0x0000000709800000, 0x0000000709a00000, 0x0000000709a00000|100%| O|  |TAMS 0x0000000709a00000, 0x0000000709800000| Untracked 
|  77|0x0000000709a00000, 0x0000000709c00000, 0x0000000709c00000|100%| O|  |TAMS 0x0000000709c00000, 0x0000000709a00000| Untracked 
|  78|0x0000000709c00000, 0x0000000709e00000, 0x0000000709e00000|100%| O|  |TAMS 0x0000000709e00000, 0x0000000709c00000| Untracked 
|  79|0x0000000709e00000, 0x000000070a000000, 0x000000070a000000|100%| O|  |TAMS 0x000000070a000000, 0x0000000709e00000| Untracked 
|  80|0x000000070a000000, 0x000000070a200000, 0x000000070a200000|100%| O|  |TAMS 0x000000070a200000, 0x000000070a000000| Untracked 
|  81|0x000000070a200000, 0x000000070a400000, 0x000000070a400000|100%| O|  |TAMS 0x000000070a400000, 0x000000070a200000| Untracked 
|  82|0x000000070a400000, 0x000000070a600000, 0x000000070a600000|100%| O|  |TAMS 0x000000070a600000, 0x000000070a400000| Untracked 
|  83|0x000000070a600000, 0x000000070a800000, 0x000000070a800000|100%| O|  |TAMS 0x000000070a800000, 0x000000070a600000| Untracked 
|  84|0x000000070a800000, 0x000000070a800000, 0x000000070aa00000|  0%| F|  |TAMS 0x000000070a800000, 0x000000070a800000| Untracked 
|  85|0x000000070aa00000, 0x000000070ac00000, 0x000000070ac00000|100%| O|  |TAMS 0x000000070ac00000, 0x000000070aa00000| Untracked 
|  86|0x000000070ac00000, 0x000000070ae00000, 0x000000070ae00000|100%| O|  |TAMS 0x000000070ae00000, 0x000000070ac00000| Complete 
|  87|0x000000070ae00000, 0x000000070ae00000, 0x000000070b000000|  0%| F|  |TAMS 0x000000070ae00000, 0x000000070ae00000| Untracked 
|  88|0x000000070b000000, 0x000000070b200000, 0x000000070b200000|100%| O|  |TAMS 0x000000070b000000, 0x000000070b000000| Untracked 
|  89|0x000000070b200000, 0x000000070b400000, 0x000000070b400000|100%| O|  |TAMS 0x000000070b200000, 0x000000070b200000| Untracked 
|  90|0x000000070b400000, 0x000000070b600000, 0x000000070b600000|100%| O|  |TAMS 0x000000070b600000, 0x000000070b400000| Untracked 
|  91|0x000000070b600000, 0x000000070b800000, 0x000000070b800000|100%| O|  |TAMS 0x000000070b800000, 0x000000070b600000| Untracked 
|  92|0x000000070b800000, 0x000000070ba00000, 0x000000070ba00000|100%| O|  |TAMS 0x000000070ba00000, 0x000000070b800000| Untracked 
|  93|0x000000070ba00000, 0x000000070bc00000, 0x000000070bc00000|100%| O|  |TAMS 0x000000070bc00000, 0x000000070ba00000| Untracked 
|  94|0x000000070bc00000, 0x000000070be00000, 0x000000070be00000|100%| O|  |TAMS 0x000000070be00000, 0x000000070bc00000| Untracked 
|  95|0x000000070be00000, 0x000000070c000000, 0x000000070c000000|100%| O|  |TAMS 0x000000070be00000, 0x000000070be00000| Untracked 
|  96|0x000000070c000000, 0x000000070c200000, 0x000000070c200000|100%| O|  |TAMS 0x000000070c200000, 0x000000070c000000| Complete 
|  97|0x000000070c200000, 0x000000070c400000, 0x000000070c400000|100%| O|  |TAMS 0x000000070c200000, 0x000000070c200000| Untracked 
|  98|0x000000070c400000, 0x000000070c600000, 0x000000070c600000|100%| O|  |TAMS 0x000000070c400000, 0x000000070c400000| Untracked 
|  99|0x000000070c600000, 0x000000070c800000, 0x000000070c800000|100%| O|  |TAMS 0x000000070c600000, 0x000000070c600000| Untracked 
| 100|0x000000070c800000, 0x000000070c800000, 0x000000070ca00000|  0%| F|  |TAMS 0x000000070c800000, 0x000000070c800000| Untracked 
| 101|0x000000070ca00000, 0x000000070ca00000, 0x000000070cc00000|  0%| F|  |TAMS 0x000000070ca00000, 0x000000070ca00000| Untracked 
| 102|0x000000070cc00000, 0x000000070cc00000, 0x000000070ce00000|  0%| F|  |TAMS 0x000000070cc00000, 0x000000070cc00000| Untracked 
| 103|0x000000070ce00000, 0x000000070ce00000, 0x000000070d000000|  0%| F|  |TAMS 0x000000070ce00000, 0x000000070ce00000| Untracked 
| 104|0x000000070d000000, 0x000000070d000000, 0x000000070d200000|  0%| F|  |TAMS 0x000000070d000000, 0x000000070d000000| Untracked 
| 105|0x000000070d200000, 0x000000070d400000, 0x000000070d400000|100%| O|  |TAMS 0x000000070d400000, 0x000000070d200000| Untracked 
| 106|0x000000070d400000, 0x000000070d600000, 0x000000070d600000|100%| O|  |TAMS 0x000000070d600000, 0x000000070d400000| Untracked 
| 107|0x000000070d600000, 0x000000070d800000, 0x000000070d800000|100%| O|  |TAMS 0x000000070d800000, 0x000000070d600000| Untracked 
| 108|0x000000070d800000, 0x000000070da00000, 0x000000070da00000|100%| O|  |TAMS 0x000000070d800000, 0x000000070d800000| Untracked 
| 109|0x000000070da00000, 0x000000070dc00000, 0x000000070dc00000|100%| O|  |TAMS 0x000000070dc00000, 0x000000070da00000| Untracked 
| 110|0x000000070dc00000, 0x000000070de00000, 0x000000070de00000|100%| O|  |TAMS 0x000000070de00000, 0x000000070dc00000| Untracked 
| 111|0x000000070de00000, 0x000000070e000000, 0x000000070e000000|100%| O|  |TAMS 0x000000070e000000, 0x000000070de00000| Untracked 
| 112|0x000000070e000000, 0x000000070e200000, 0x000000070e200000|100%| O|  |TAMS 0x000000070e200000, 0x000000070e000000| Untracked 
| 113|0x000000070e200000, 0x000000070e400000, 0x000000070e400000|100%| O|  |TAMS 0x000000070e400000, 0x000000070e200000| Untracked 
| 114|0x000000070e400000, 0x000000070e600000, 0x000000070e600000|100%| O|  |TAMS 0x000000070e600000, 0x000000070e400000| Untracked 
| 115|0x000000070e600000, 0x000000070e800000, 0x000000070e800000|100%| O|  |TAMS 0x000000070e800000, 0x000000070e600000| Untracked 
| 116|0x000000070e800000, 0x000000070ea00000, 0x000000070ea00000|100%| O|  |TAMS 0x000000070ea00000, 0x000000070e800000| Untracked 
| 117|0x000000070ea00000, 0x000000070ec00000, 0x000000070ec00000|100%| O|  |TAMS 0x000000070ec00000, 0x000000070ea00000| Untracked 
| 118|0x000000070ec00000, 0x000000070ee00000, 0x000000070ee00000|100%| O|  |TAMS 0x000000070ee00000, 0x000000070ec00000| Untracked 
| 119|0x000000070ee00000, 0x000000070f000000, 0x000000070f000000|100%| O|  |TAMS 0x000000070f000000, 0x000000070ee00000| Untracked 
| 120|0x000000070f000000, 0x000000070f200000, 0x000000070f200000|100%| O|  |TAMS 0x000000070f200000, 0x000000070f000000| Untracked 
| 121|0x000000070f200000, 0x000000070f400000, 0x000000070f400000|100%| O|  |TAMS 0x000000070f400000, 0x000000070f200000| Untracked 
| 122|0x000000070f400000, 0x000000070f600000, 0x000000070f600000|100%| O|  |TAMS 0x000000070f600000, 0x000000070f400000| Untracked 
| 123|0x000000070f600000, 0x000000070f800000, 0x000000070f800000|100%| O|  |TAMS 0x000000070f800000, 0x000000070f600000| Untracked 
| 124|0x000000070f800000, 0x000000070fa00000, 0x000000070fa00000|100%| O|  |TAMS 0x000000070fa00000, 0x000000070f800000| Untracked 
| 125|0x000000070fa00000, 0x000000070fc00000, 0x000000070fc00000|100%| O|  |TAMS 0x000000070fc00000, 0x000000070fa00000| Untracked 
| 126|0x000000070fc00000, 0x000000070fe00000, 0x000000070fe00000|100%| O|  |TAMS 0x000000070fc00000, 0x000000070fc00000| Untracked 
| 127|0x000000070fe00000, 0x0000000710000000, 0x0000000710000000|100%| O|  |TAMS 0x000000070fe00000, 0x000000070fe00000| Untracked 
| 128|0x0000000710000000, 0x0000000710200000, 0x0000000710200000|100%| O|  |TAMS 0x0000000710000000, 0x0000000710000000| Untracked 
| 129|0x0000000710200000, 0x0000000710400000, 0x0000000710400000|100%| O|  |TAMS 0x0000000710200000, 0x0000000710200000| Untracked 
| 130|0x0000000710400000, 0x0000000710600000, 0x0000000710600000|100%| O|  |TAMS 0x0000000710400000, 0x0000000710400000| Untracked 
| 131|0x0000000710600000, 0x0000000710800000, 0x0000000710800000|100%| O|  |TAMS 0x0000000710600000, 0x0000000710600000| Untracked 
| 132|0x0000000710800000, 0x0000000710a00000, 0x0000000710a00000|100%| O|  |TAMS 0x0000000710800000, 0x0000000710800000| Untracked 
| 133|0x0000000710a00000, 0x0000000710c00000, 0x0000000710c00000|100%| O|  |TAMS 0x0000000710a00000, 0x0000000710a00000| Untracked 
| 134|0x0000000710c00000, 0x0000000710e00000, 0x0000000710e00000|100%| O|  |TAMS 0x0000000710c00000, 0x0000000710c00000| Untracked 
| 135|0x0000000710e00000, 0x0000000711000000, 0x0000000711000000|100%| O|  |TAMS 0x0000000710e00000, 0x0000000710e00000| Untracked 
| 136|0x0000000711000000, 0x0000000711200000, 0x0000000711200000|100%| O|  |TAMS 0x0000000711000000, 0x0000000711000000| Untracked 
| 137|0x0000000711200000, 0x0000000711400000, 0x0000000711400000|100%| O|  |TAMS 0x0000000711200000, 0x0000000711200000| Untracked 
| 138|0x0000000711400000, 0x0000000711600000, 0x0000000711600000|100%| O|  |TAMS 0x0000000711400000, 0x0000000711400000| Untracked 
| 139|0x0000000711600000, 0x0000000711600000, 0x0000000711800000|  0%| F|  |TAMS 0x0000000711600000, 0x0000000711600000| Untracked 
| 140|0x0000000711800000, 0x0000000711800000, 0x0000000711a00000|  0%| F|  |TAMS 0x0000000711800000, 0x0000000711800000| Untracked 
| 141|0x0000000711a00000, 0x0000000711a00000, 0x0000000711c00000|  0%| F|  |TAMS 0x0000000711a00000, 0x0000000711a00000| Untracked 
| 142|0x0000000711c00000, 0x0000000711c00000, 0x0000000711e00000|  0%| F|  |TAMS 0x0000000711c00000, 0x0000000711c00000| Untracked 
| 143|0x0000000711e00000, 0x0000000711e00000, 0x0000000712000000|  0%| F|  |TAMS 0x0000000711e00000, 0x0000000711e00000| Untracked 
| 144|0x0000000712000000, 0x0000000712000000, 0x0000000712200000|  0%| F|  |TAMS 0x0000000712000000, 0x0000000712000000| Untracked 
| 145|0x0000000712200000, 0x0000000712200000, 0x0000000712400000|  0%| F|  |TAMS 0x0000000712200000, 0x0000000712200000| Untracked 
| 146|0x0000000712400000, 0x0000000712400000, 0x0000000712600000|  0%| F|  |TAMS 0x0000000712400000, 0x0000000712400000| Untracked 
| 147|0x0000000712600000, 0x0000000712600000, 0x0000000712800000|  0%| F|  |TAMS 0x0000000712600000, 0x0000000712600000| Untracked 
| 148|0x0000000712800000, 0x0000000712800000, 0x0000000712a00000|  0%| F|  |TAMS 0x0000000712800000, 0x0000000712800000| Untracked 
| 149|0x0000000712a00000, 0x0000000712a00000, 0x0000000712c00000|  0%| F|  |TAMS 0x0000000712a00000, 0x0000000712a00000| Untracked 
| 150|0x0000000712c00000, 0x0000000712c00000, 0x0000000712e00000|  0%| F|  |TAMS 0x0000000712c00000, 0x0000000712c00000| Untracked 
| 151|0x0000000712e00000, 0x0000000712e00000, 0x0000000713000000|  0%| F|  |TAMS 0x0000000712e00000, 0x0000000712e00000| Untracked 
| 152|0x0000000713000000, 0x0000000713000000, 0x0000000713200000|  0%| F|  |TAMS 0x0000000713000000, 0x0000000713000000| Untracked 
| 153|0x0000000713200000, 0x0000000713200000, 0x0000000713400000|  0%| F|  |TAMS 0x0000000713200000, 0x0000000713200000| Untracked 
| 154|0x0000000713400000, 0x0000000713400000, 0x0000000713600000|  0%| F|  |TAMS 0x0000000713400000, 0x0000000713400000| Untracked 
| 155|0x0000000713600000, 0x0000000713600000, 0x0000000713800000|  0%| F|  |TAMS 0x0000000713600000, 0x0000000713600000| Untracked 
| 156|0x0000000713800000, 0x0000000713800000, 0x0000000713a00000|  0%| F|  |TAMS 0x0000000713800000, 0x0000000713800000| Untracked 
| 157|0x0000000713a00000, 0x0000000713a00000, 0x0000000713c00000|  0%| F|  |TAMS 0x0000000713a00000, 0x0000000713a00000| Untracked 
| 158|0x0000000713c00000, 0x0000000713c00000, 0x0000000713e00000|  0%| F|  |TAMS 0x0000000713c00000, 0x0000000713c00000| Untracked 
| 159|0x0000000713e00000, 0x0000000713e00000, 0x0000000714000000|  0%| F|  |TAMS 0x0000000713e00000, 0x0000000713e00000| Untracked 
| 160|0x0000000714000000, 0x0000000714000000, 0x0000000714200000|  0%| F|  |TAMS 0x0000000714000000, 0x0000000714000000| Untracked 
| 161|0x0000000714200000, 0x0000000714200000, 0x0000000714400000|  0%| F|  |TAMS 0x0000000714200000, 0x0000000714200000| Untracked 
| 162|0x0000000714400000, 0x0000000714400000, 0x0000000714600000|  0%| F|  |TAMS 0x0000000714400000, 0x0000000714400000| Untracked 
| 163|0x0000000714600000, 0x0000000714600000, 0x0000000714800000|  0%| F|  |TAMS 0x0000000714600000, 0x0000000714600000| Untracked 
| 164|0x0000000714800000, 0x0000000714800000, 0x0000000714a00000|  0%| F|  |TAMS 0x0000000714800000, 0x0000000714800000| Untracked 
| 165|0x0000000714a00000, 0x0000000714a00000, 0x0000000714c00000|  0%| F|  |TAMS 0x0000000714a00000, 0x0000000714a00000| Untracked 
| 166|0x0000000714c00000, 0x0000000714c00000, 0x0000000714e00000|  0%| F|  |TAMS 0x0000000714c00000, 0x0000000714c00000| Untracked 
| 167|0x0000000714e00000, 0x0000000714e00000, 0x0000000715000000|  0%| F|  |TAMS 0x0000000714e00000, 0x0000000714e00000| Untracked 
| 168|0x0000000715000000, 0x0000000715000000, 0x0000000715200000|  0%| F|  |TAMS 0x0000000715000000, 0x0000000715000000| Untracked 
| 169|0x0000000715200000, 0x0000000715200000, 0x0000000715400000|  0%| F|  |TAMS 0x0000000715200000, 0x0000000715200000| Untracked 
| 170|0x0000000715400000, 0x0000000715400000, 0x0000000715600000|  0%| F|  |TAMS 0x0000000715400000, 0x0000000715400000| Untracked 
| 171|0x0000000715600000, 0x0000000715600000, 0x0000000715800000|  0%| F|  |TAMS 0x0000000715600000, 0x0000000715600000| Untracked 
| 172|0x0000000715800000, 0x0000000715800000, 0x0000000715a00000|  0%| F|  |TAMS 0x0000000715800000, 0x0000000715800000| Untracked 
| 173|0x0000000715a00000, 0x0000000715a00000, 0x0000000715c00000|  0%| F|  |TAMS 0x0000000715a00000, 0x0000000715a00000| Untracked 
| 174|0x0000000715c00000, 0x0000000715c00000, 0x0000000715e00000|  0%| F|  |TAMS 0x0000000715c00000, 0x0000000715c00000| Untracked 
| 175|0x0000000715e00000, 0x0000000715e00000, 0x0000000716000000|  0%| F|  |TAMS 0x0000000715e00000, 0x0000000715e00000| Untracked 
| 176|0x0000000716000000, 0x0000000716000000, 0x0000000716200000|  0%| F|  |TAMS 0x0000000716000000, 0x0000000716000000| Untracked 
| 177|0x0000000716200000, 0x0000000716200000, 0x0000000716400000|  0%| F|  |TAMS 0x0000000716200000, 0x0000000716200000| Untracked 
| 178|0x0000000716400000, 0x0000000716400000, 0x0000000716600000|  0%| F|  |TAMS 0x0000000716400000, 0x0000000716400000| Untracked 
| 179|0x0000000716600000, 0x0000000716600000, 0x0000000716800000|  0%| F|  |TAMS 0x0000000716600000, 0x0000000716600000| Untracked 
| 180|0x0000000716800000, 0x0000000716800000, 0x0000000716a00000|  0%| F|  |TAMS 0x0000000716800000, 0x0000000716800000| Untracked 
| 181|0x0000000716a00000, 0x0000000716a00000, 0x0000000716c00000|  0%| F|  |TAMS 0x0000000716a00000, 0x0000000716a00000| Untracked 
| 182|0x0000000716c00000, 0x0000000716c00000, 0x0000000716e00000|  0%| F|  |TAMS 0x0000000716c00000, 0x0000000716c00000| Untracked 
| 183|0x0000000716e00000, 0x0000000716e00000, 0x0000000717000000|  0%| F|  |TAMS 0x0000000716e00000, 0x0000000716e00000| Untracked 
| 184|0x0000000717000000, 0x0000000717000000, 0x0000000717200000|  0%| F|  |TAMS 0x0000000717000000, 0x0000000717000000| Untracked 
| 185|0x0000000717200000, 0x0000000717200000, 0x0000000717400000|  0%| F|  |TAMS 0x0000000717200000, 0x0000000717200000| Untracked 
| 186|0x0000000717400000, 0x0000000717400000, 0x0000000717600000|  0%| F|  |TAMS 0x0000000717400000, 0x0000000717400000| Untracked 
| 187|0x0000000717600000, 0x0000000717600000, 0x0000000717800000|  0%| F|  |TAMS 0x0000000717600000, 0x0000000717600000| Untracked 
| 188|0x0000000717800000, 0x0000000717800000, 0x0000000717a00000|  0%| F|  |TAMS 0x0000000717800000, 0x0000000717800000| Untracked 
| 189|0x0000000717a00000, 0x0000000717a00000, 0x0000000717c00000|  0%| F|  |TAMS 0x0000000717a00000, 0x0000000717a00000| Untracked 
| 190|0x0000000717c00000, 0x0000000717c00000, 0x0000000717e00000|  0%| F|  |TAMS 0x0000000717c00000, 0x0000000717c00000| Untracked 
| 191|0x0000000717e00000, 0x0000000717e00000, 0x0000000718000000|  0%| F|  |TAMS 0x0000000717e00000, 0x0000000717e00000| Untracked 
| 192|0x0000000718000000, 0x0000000718000000, 0x0000000718200000|  0%| F|  |TAMS 0x0000000718000000, 0x0000000718000000| Untracked 
| 193|0x0000000718200000, 0x0000000718200000, 0x0000000718400000|  0%| F|  |TAMS 0x0000000718200000, 0x0000000718200000| Untracked 
| 194|0x0000000718400000, 0x0000000718400000, 0x0000000718600000|  0%| F|  |TAMS 0x0000000718400000, 0x0000000718400000| Untracked 
| 195|0x0000000718600000, 0x0000000718600000, 0x0000000718800000|  0%| F|  |TAMS 0x0000000718600000, 0x0000000718600000| Untracked 
| 196|0x0000000718800000, 0x0000000718800000, 0x0000000718a00000|  0%| F|  |TAMS 0x0000000718800000, 0x0000000718800000| Untracked 
| 197|0x0000000718a00000, 0x0000000718a00000, 0x0000000718c00000|  0%| F|  |TAMS 0x0000000718a00000, 0x0000000718a00000| Untracked 
| 198|0x0000000718c00000, 0x0000000718c00000, 0x0000000718e00000|  0%| F|  |TAMS 0x0000000718c00000, 0x0000000718c00000| Untracked 
| 199|0x0000000718e00000, 0x0000000718e00000, 0x0000000719000000|  0%| F|  |TAMS 0x0000000718e00000, 0x0000000718e00000| Untracked 
| 200|0x0000000719000000, 0x0000000719000000, 0x0000000719200000|  0%| F|  |TAMS 0x0000000719000000, 0x0000000719000000| Untracked 
| 201|0x0000000719200000, 0x0000000719200000, 0x0000000719400000|  0%| F|  |TAMS 0x0000000719200000, 0x0000000719200000| Untracked 
| 202|0x0000000719400000, 0x0000000719400000, 0x0000000719600000|  0%| F|  |TAMS 0x0000000719400000, 0x0000000719400000| Untracked 
| 203|0x0000000719600000, 0x0000000719600000, 0x0000000719800000|  0%| F|  |TAMS 0x0000000719600000, 0x0000000719600000| Untracked 
| 204|0x0000000719800000, 0x0000000719800000, 0x0000000719a00000|  0%| F|  |TAMS 0x0000000719800000, 0x0000000719800000| Untracked 
| 205|0x0000000719a00000, 0x0000000719a00000, 0x0000000719c00000|  0%| F|  |TAMS 0x0000000719a00000, 0x0000000719a00000| Untracked 
| 206|0x0000000719c00000, 0x0000000719c00000, 0x0000000719e00000|  0%| F|  |TAMS 0x0000000719c00000, 0x0000000719c00000| Untracked 
| 207|0x0000000719e00000, 0x0000000719e00000, 0x000000071a000000|  0%| F|  |TAMS 0x0000000719e00000, 0x0000000719e00000| Untracked 
| 208|0x000000071a000000, 0x000000071a000000, 0x000000071a200000|  0%| F|  |TAMS 0x000000071a000000, 0x000000071a000000| Untracked 
| 209|0x000000071a200000, 0x000000071a200000, 0x000000071a400000|  0%| F|  |TAMS 0x000000071a200000, 0x000000071a200000| Untracked 
| 210|0x000000071a400000, 0x000000071a400000, 0x000000071a600000|  0%| F|  |TAMS 0x000000071a400000, 0x000000071a400000| Untracked 
| 211|0x000000071a600000, 0x000000071a600000, 0x000000071a800000|  0%| F|  |TAMS 0x000000071a600000, 0x000000071a600000| Untracked 
| 212|0x000000071a800000, 0x000000071a800000, 0x000000071aa00000|  0%| F|  |TAMS 0x000000071a800000, 0x000000071a800000| Untracked 
| 213|0x000000071aa00000, 0x000000071aa00000, 0x000000071ac00000|  0%| F|  |TAMS 0x000000071aa00000, 0x000000071aa00000| Untracked 
| 214|0x000000071ac00000, 0x000000071ac00000, 0x000000071ae00000|  0%| F|  |TAMS 0x000000071ac00000, 0x000000071ac00000| Untracked 
| 215|0x000000071ae00000, 0x000000071ae00000, 0x000000071b000000|  0%| F|  |TAMS 0x000000071ae00000, 0x000000071ae00000| Untracked 
| 216|0x000000071b000000, 0x000000071b000000, 0x000000071b200000|  0%| F|  |TAMS 0x000000071b000000, 0x000000071b000000| Untracked 
| 217|0x000000071b200000, 0x000000071b200000, 0x000000071b400000|  0%| F|  |TAMS 0x000000071b200000, 0x000000071b200000| Untracked 
| 218|0x000000071b400000, 0x000000071b400000, 0x000000071b600000|  0%| F|  |TAMS 0x000000071b400000, 0x000000071b400000| Untracked 
| 219|0x000000071b600000, 0x000000071b600000, 0x000000071b800000|  0%| F|  |TAMS 0x000000071b600000, 0x000000071b600000| Untracked 
| 220|0x000000071b800000, 0x000000071b800000, 0x000000071ba00000|  0%| F|  |TAMS 0x000000071b800000, 0x000000071b800000| Untracked 
| 221|0x000000071ba00000, 0x000000071ba00000, 0x000000071bc00000|  0%| F|  |TAMS 0x000000071ba00000, 0x000000071ba00000| Untracked 
| 222|0x000000071bc00000, 0x000000071bc00000, 0x000000071be00000|  0%| F|  |TAMS 0x000000071bc00000, 0x000000071bc00000| Untracked 
| 223|0x000000071be00000, 0x000000071be00000, 0x000000071c000000|  0%| F|  |TAMS 0x000000071be00000, 0x000000071be00000| Untracked 
| 224|0x000000071c000000, 0x000000071c000000, 0x000000071c200000|  0%| F|  |TAMS 0x000000071c000000, 0x000000071c000000| Untracked 
| 225|0x000000071c200000, 0x000000071c200000, 0x000000071c400000|  0%| F|  |TAMS 0x000000071c200000, 0x000000071c200000| Untracked 
| 226|0x000000071c400000, 0x000000071c400000, 0x000000071c600000|  0%| F|  |TAMS 0x000000071c400000, 0x000000071c400000| Untracked 
| 227|0x000000071c600000, 0x000000071c600000, 0x000000071c800000|  0%| F|  |TAMS 0x000000071c600000, 0x000000071c600000| Untracked 
| 228|0x000000071c800000, 0x000000071c800000, 0x000000071ca00000|  0%| F|  |TAMS 0x000000071c800000, 0x000000071c800000| Untracked 
| 229|0x000000071ca00000, 0x000000071ca00000, 0x000000071cc00000|  0%| F|  |TAMS 0x000000071ca00000, 0x000000071ca00000| Untracked 
| 230|0x000000071cc00000, 0x000000071cc00000, 0x000000071ce00000|  0%| F|  |TAMS 0x000000071cc00000, 0x000000071cc00000| Untracked 
| 231|0x000000071ce00000, 0x000000071ce00000, 0x000000071d000000|  0%| F|  |TAMS 0x000000071ce00000, 0x000000071ce00000| Untracked 
| 232|0x000000071d000000, 0x000000071d000000, 0x000000071d200000|  0%| F|  |TAMS 0x000000071d000000, 0x000000071d000000| Untracked 
| 233|0x000000071d200000, 0x000000071d200000, 0x000000071d400000|  0%| F|  |TAMS 0x000000071d200000, 0x000000071d200000| Untracked 
| 234|0x000000071d400000, 0x000000071d400000, 0x000000071d600000|  0%| F|  |TAMS 0x000000071d400000, 0x000000071d400000| Untracked 
| 235|0x000000071d600000, 0x000000071d600000, 0x000000071d800000|  0%| F|  |TAMS 0x000000071d600000, 0x000000071d600000| Untracked 
| 236|0x000000071d800000, 0x000000071d800000, 0x000000071da00000|  0%| F|  |TAMS 0x000000071d800000, 0x000000071d800000| Untracked 
| 237|0x000000071da00000, 0x000000071da00000, 0x000000071dc00000|  0%| F|  |TAMS 0x000000071da00000, 0x000000071da00000| Untracked 
| 238|0x000000071dc00000, 0x000000071dc00000, 0x000000071de00000|  0%| F|  |TAMS 0x000000071dc00000, 0x000000071dc00000| Untracked 
| 239|0x000000071de00000, 0x000000071de00000, 0x000000071e000000|  0%| F|  |TAMS 0x000000071de00000, 0x000000071de00000| Untracked 
| 240|0x000000071e000000, 0x000000071e000000, 0x000000071e200000|  0%| F|  |TAMS 0x000000071e000000, 0x000000071e000000| Untracked 
| 241|0x000000071e200000, 0x000000071e200000, 0x000000071e400000|  0%| F|  |TAMS 0x000000071e200000, 0x000000071e200000| Untracked 
| 242|0x000000071e400000, 0x000000071e400000, 0x000000071e600000|  0%| F|  |TAMS 0x000000071e400000, 0x000000071e400000| Untracked 
| 243|0x000000071e600000, 0x000000071e600000, 0x000000071e800000|  0%| F|  |TAMS 0x000000071e600000, 0x000000071e600000| Untracked 
| 244|0x000000071e800000, 0x000000071e800000, 0x000000071ea00000|  0%| F|  |TAMS 0x000000071e800000, 0x000000071e800000| Untracked 
| 245|0x000000071ea00000, 0x000000071ea00000, 0x000000071ec00000|  0%| F|  |TAMS 0x000000071ea00000, 0x000000071ea00000| Untracked 
| 246|0x000000071ec00000, 0x000000071ec00000, 0x000000071ee00000|  0%| F|  |TAMS 0x000000071ec00000, 0x000000071ec00000| Untracked 
| 247|0x000000071ee00000, 0x000000071ee00000, 0x000000071f000000|  0%| F|  |TAMS 0x000000071ee00000, 0x000000071ee00000| Untracked 
| 248|0x000000071f000000, 0x000000071f000000, 0x000000071f200000|  0%| F|  |TAMS 0x000000071f000000, 0x000000071f000000| Untracked 
| 249|0x000000071f200000, 0x000000071f200000, 0x000000071f400000|  0%| F|  |TAMS 0x000000071f200000, 0x000000071f200000| Untracked 
| 250|0x000000071f400000, 0x000000071f400000, 0x000000071f600000|  0%| F|  |TAMS 0x000000071f400000, 0x000000071f400000| Untracked 
| 251|0x000000071f600000, 0x000000071f600000, 0x000000071f800000|  0%| F|  |TAMS 0x000000071f600000, 0x000000071f600000| Untracked 
| 252|0x000000071f800000, 0x000000071f800000, 0x000000071fa00000|  0%| F|  |TAMS 0x000000071f800000, 0x000000071f800000| Untracked 
| 253|0x000000071fa00000, 0x000000071fa00000, 0x000000071fc00000|  0%| F|  |TAMS 0x000000071fa00000, 0x000000071fa00000| Untracked 
| 254|0x000000071fc00000, 0x000000071fc00000, 0x000000071fe00000|  0%| F|  |TAMS 0x000000071fc00000, 0x000000071fc00000| Untracked 
| 255|0x000000071fe00000, 0x000000071fe00000, 0x0000000720000000|  0%| F|  |TAMS 0x000000071fe00000, 0x000000071fe00000| Untracked 
| 256|0x0000000720000000, 0x0000000720000000, 0x0000000720200000|  0%| F|  |TAMS 0x0000000720000000, 0x0000000720000000| Untracked 
| 257|0x0000000720200000, 0x0000000720200000, 0x0000000720400000|  0%| F|  |TAMS 0x0000000720200000, 0x0000000720200000| Untracked 
| 258|0x0000000720400000, 0x0000000720400000, 0x0000000720600000|  0%| F|  |TAMS 0x0000000720400000, 0x0000000720400000| Untracked 
| 259|0x0000000720600000, 0x0000000720600000, 0x0000000720800000|  0%| F|  |TAMS 0x0000000720600000, 0x0000000720600000| Untracked 
| 260|0x0000000720800000, 0x0000000720800000, 0x0000000720a00000|  0%| F|  |TAMS 0x0000000720800000, 0x0000000720800000| Untracked 
| 261|0x0000000720a00000, 0x0000000720a00000, 0x0000000720c00000|  0%| F|  |TAMS 0x0000000720a00000, 0x0000000720a00000| Untracked 
| 262|0x0000000720c00000, 0x0000000720c00000, 0x0000000720e00000|  0%| F|  |TAMS 0x0000000720c00000, 0x0000000720c00000| Untracked 
| 263|0x0000000720e00000, 0x0000000720e00000, 0x0000000721000000|  0%| F|  |TAMS 0x0000000720e00000, 0x0000000720e00000| Untracked 
| 264|0x0000000721000000, 0x0000000721000000, 0x0000000721200000|  0%| F|  |TAMS 0x0000000721000000, 0x0000000721000000| Untracked 
| 265|0x0000000721200000, 0x0000000721200000, 0x0000000721400000|  0%| F|  |TAMS 0x0000000721200000, 0x0000000721200000| Untracked 
| 266|0x0000000721400000, 0x0000000721400000, 0x0000000721600000|  0%| F|  |TAMS 0x0000000721400000, 0x0000000721400000| Untracked 
| 267|0x0000000721600000, 0x0000000721600000, 0x0000000721800000|  0%| F|  |TAMS 0x0000000721600000, 0x0000000721600000| Untracked 
| 268|0x0000000721800000, 0x0000000721800000, 0x0000000721a00000|  0%| F|  |TAMS 0x0000000721800000, 0x0000000721800000| Untracked 
| 269|0x0000000721a00000, 0x0000000721a00000, 0x0000000721c00000|  0%| F|  |TAMS 0x0000000721a00000, 0x0000000721a00000| Untracked 
| 270|0x0000000721c00000, 0x0000000721c00000, 0x0000000721e00000|  0%| F|  |TAMS 0x0000000721c00000, 0x0000000721c00000| Untracked 
| 271|0x0000000721e00000, 0x0000000721e00000, 0x0000000722000000|  0%| F|  |TAMS 0x0000000721e00000, 0x0000000721e00000| Untracked 
| 272|0x0000000722000000, 0x0000000722000000, 0x0000000722200000|  0%| F|  |TAMS 0x0000000722000000, 0x0000000722000000| Untracked 
| 273|0x0000000722200000, 0x0000000722200000, 0x0000000722400000|  0%| F|  |TAMS 0x0000000722200000, 0x0000000722200000| Untracked 
| 274|0x0000000722400000, 0x0000000722400000, 0x0000000722600000|  0%| F|  |TAMS 0x0000000722400000, 0x0000000722400000| Untracked 
| 275|0x0000000722600000, 0x0000000722600000, 0x0000000722800000|  0%| F|  |TAMS 0x0000000722600000, 0x0000000722600000| Untracked 
| 276|0x0000000722800000, 0x0000000722800000, 0x0000000722a00000|  0%| F|  |TAMS 0x0000000722800000, 0x0000000722800000| Untracked 
| 277|0x0000000722a00000, 0x0000000722a00000, 0x0000000722c00000|  0%| F|  |TAMS 0x0000000722a00000, 0x0000000722a00000| Untracked 
| 278|0x0000000722c00000, 0x0000000722c00000, 0x0000000722e00000|  0%| F|  |TAMS 0x0000000722c00000, 0x0000000722c00000| Untracked 
| 279|0x0000000722e00000, 0x0000000722e00000, 0x0000000723000000|  0%| F|  |TAMS 0x0000000722e00000, 0x0000000722e00000| Untracked 
| 280|0x0000000723000000, 0x0000000723000000, 0x0000000723200000|  0%| F|  |TAMS 0x0000000723000000, 0x0000000723000000| Untracked 
| 281|0x0000000723200000, 0x0000000723200000, 0x0000000723400000|  0%| F|  |TAMS 0x0000000723200000, 0x0000000723200000| Untracked 
| 282|0x0000000723400000, 0x0000000723400000, 0x0000000723600000|  0%| F|  |TAMS 0x0000000723400000, 0x0000000723400000| Untracked 
| 283|0x0000000723600000, 0x0000000723600000, 0x0000000723800000|  0%| F|  |TAMS 0x0000000723600000, 0x0000000723600000| Untracked 
| 284|0x0000000723800000, 0x0000000723800000, 0x0000000723a00000|  0%| F|  |TAMS 0x0000000723800000, 0x0000000723800000| Untracked 
| 285|0x0000000723a00000, 0x0000000723a00000, 0x0000000723c00000|  0%| F|  |TAMS 0x0000000723a00000, 0x0000000723a00000| Untracked 
| 286|0x0000000723c00000, 0x0000000723c00000, 0x0000000723e00000|  0%| F|  |TAMS 0x0000000723c00000, 0x0000000723c00000| Untracked 
| 287|0x0000000723e00000, 0x0000000723e00000, 0x0000000724000000|  0%| F|  |TAMS 0x0000000723e00000, 0x0000000723e00000| Untracked 
| 288|0x0000000724000000, 0x0000000724000000, 0x0000000724200000|  0%| F|  |TAMS 0x0000000724000000, 0x0000000724000000| Untracked 
| 289|0x0000000724200000, 0x0000000724200000, 0x0000000724400000|  0%| F|  |TAMS 0x0000000724200000, 0x0000000724200000| Untracked 
| 290|0x0000000724400000, 0x0000000724400000, 0x0000000724600000|  0%| F|  |TAMS 0x0000000724400000, 0x0000000724400000| Untracked 
| 291|0x0000000724600000, 0x0000000724600000, 0x0000000724800000|  0%| F|  |TAMS 0x0000000724600000, 0x0000000724600000| Untracked 
| 292|0x0000000724800000, 0x0000000724800000, 0x0000000724a00000|  0%| F|  |TAMS 0x0000000724800000, 0x0000000724800000| Untracked 
| 293|0x0000000724a00000, 0x0000000724a00000, 0x0000000724c00000|  0%| F|  |TAMS 0x0000000724a00000, 0x0000000724a00000| Untracked 
| 294|0x0000000724c00000, 0x0000000724c00000, 0x0000000724e00000|  0%| F|  |TAMS 0x0000000724c00000, 0x0000000724c00000| Untracked 
| 295|0x0000000724e00000, 0x0000000724e00000, 0x0000000725000000|  0%| F|  |TAMS 0x0000000724e00000, 0x0000000724e00000| Untracked 
| 296|0x0000000725000000, 0x0000000725000000, 0x0000000725200000|  0%| F|  |TAMS 0x0000000725000000, 0x0000000725000000| Untracked 
| 297|0x0000000725200000, 0x0000000725200000, 0x0000000725400000|  0%| F|  |TAMS 0x0000000725200000, 0x0000000725200000| Untracked 
| 298|0x0000000725400000, 0x0000000725400000, 0x0000000725600000|  0%| F|  |TAMS 0x0000000725400000, 0x0000000725400000| Untracked 
| 299|0x0000000725600000, 0x0000000725600000, 0x0000000725800000|  0%| F|  |TAMS 0x0000000725600000, 0x0000000725600000| Untracked 
| 300|0x0000000725800000, 0x0000000725800000, 0x0000000725a00000|  0%| F|  |TAMS 0x0000000725800000, 0x0000000725800000| Untracked 
| 301|0x0000000725a00000, 0x0000000725a00000, 0x0000000725c00000|  0%| F|  |TAMS 0x0000000725a00000, 0x0000000725a00000| Untracked 
| 302|0x0000000725c00000, 0x0000000725c00000, 0x0000000725e00000|  0%| F|  |TAMS 0x0000000725c00000, 0x0000000725c00000| Untracked 
| 303|0x0000000725e00000, 0x0000000725f48878, 0x0000000726000000| 64%| S|CS|TAMS 0x0000000725e00000, 0x0000000725e00000| Complete 
| 304|0x0000000726000000, 0x0000000726000000, 0x0000000726200000|  0%| F|  |TAMS 0x0000000726000000, 0x0000000726000000| Untracked 
| 305|0x0000000726200000, 0x0000000726400000, 0x0000000726400000|100%| S|CS|TAMS 0x0000000726200000, 0x0000000726200000| Complete 
| 306|0x0000000726400000, 0x0000000726400000, 0x0000000726600000|  0%| F|  |TAMS 0x0000000726400000, 0x0000000726400000| Untracked 
| 307|0x0000000726600000, 0x0000000726600000, 0x0000000726800000|  0%| F|  |TAMS 0x0000000726600000, 0x0000000726600000| Untracked 
| 308|0x0000000726800000, 0x0000000726800000, 0x0000000726a00000|  0%| F|  |TAMS 0x0000000726800000, 0x0000000726800000| Untracked 
| 309|0x0000000726a00000, 0x0000000726a00000, 0x0000000726c00000|  0%| F|  |TAMS 0x0000000726a00000, 0x0000000726a00000| Untracked 
| 310|0x0000000726c00000, 0x0000000726c00000, 0x0000000726e00000|  0%| F|  |TAMS 0x0000000726c00000, 0x0000000726c00000| Untracked 
| 311|0x0000000726e00000, 0x0000000726e00000, 0x0000000727000000|  0%| F|  |TAMS 0x0000000726e00000, 0x0000000726e00000| Untracked 
| 312|0x0000000727000000, 0x0000000727000000, 0x0000000727200000|  0%| F|  |TAMS 0x0000000727000000, 0x0000000727000000| Untracked 
| 313|0x0000000727200000, 0x0000000727200000, 0x0000000727400000|  0%| F|  |TAMS 0x0000000727200000, 0x0000000727200000| Untracked 
| 314|0x0000000727400000, 0x0000000727400000, 0x0000000727600000|  0%| F|  |TAMS 0x0000000727400000, 0x0000000727400000| Untracked 
| 315|0x0000000727600000, 0x0000000727600000, 0x0000000727800000|  0%| F|  |TAMS 0x0000000727600000, 0x0000000727600000| Untracked 
| 316|0x0000000727800000, 0x0000000727800000, 0x0000000727a00000|  0%| F|  |TAMS 0x0000000727800000, 0x0000000727800000| Untracked 
| 317|0x0000000727a00000, 0x0000000727a00000, 0x0000000727c00000|  0%| F|  |TAMS 0x0000000727a00000, 0x0000000727a00000| Untracked 
| 318|0x0000000727c00000, 0x0000000727c00000, 0x0000000727e00000|  0%| F|  |TAMS 0x0000000727c00000, 0x0000000727c00000| Untracked 
| 319|0x0000000727e00000, 0x0000000727e00000, 0x0000000728000000|  0%| F|  |TAMS 0x0000000727e00000, 0x0000000727e00000| Untracked 
| 320|0x0000000728000000, 0x0000000728000000, 0x0000000728200000|  0%| F|  |TAMS 0x0000000728000000, 0x0000000728000000| Untracked 

Card table byte_map: [0x00000254991f0000,0x00000254999f0000] _byte_map_base: 0x00000254959f0000

Marking Bits (Prev, Next): (CMBitMap*) 0x000002548187f250, (CMBitMap*) 0x000002548187f290
 Prev Bits: [0x000002549a1f0000, 0x000002549e1f0000)
 Next Bits: [0x000002549e1f0000, 0x00000254a21f0000)

Polling page: 0x00000254818c0000

Metaspace:

Usage:
  Non-class:    116.43 MB used.
      Class:     18.04 MB used.
       Both:    134.48 MB used.

Virtual space:
  Non-class space:      128.00 MB reserved,     117.44 MB ( 92%) committed,  2 nodes.
      Class space:      416.00 MB reserved,      19.06 MB (  5%) committed,  1 nodes.
             Both:      544.00 MB reserved,     136.50 MB ( 25%) committed. 

Chunk freelists:
   Non-Class:  10.25 MB
       Class:  12.86 MB
        Both:  23.11 MB

MaxMetaspaceSize: 512.00 MB
CompressedClassSpaceSize: 416.00 MB
Initial GC threshold: 21.00 MB
Current GC threshold: 226.06 MB
CDS: on
MetaspaceReclaimPolicy: balanced
 - commit_granule_bytes: 65536.
 - commit_granule_words: 8192.
 - virtual_space_node_default_size: 8388608.
 - enlarge_chunks_in_place: 1.
 - new_chunks_are_fully_committed: 0.
 - uncommit_free_chunks: 1.
 - use_allocation_guard: 0.
 - handle_deallocations: 1.


Internal statistics:

num_allocs_failed_limit: 44.
num_arena_births: 3486.
num_arena_deaths: 0.
num_vsnodes_births: 3.
num_vsnodes_deaths: 0.
num_space_committed: 2182.
num_space_uncommitted: 0.
num_chunks_returned_to_freelist: 44.
num_chunks_taken_from_freelist: 10110.
num_chunk_merges: 44.
num_chunk_splits: 6231.
num_chunks_enlarged: 3422.
num_inconsistent_stats: 0.

CodeHeap 'non-profiled nmethods': size=120000Kb used=15052Kb max_used=15052Kb free=104948Kb
 bounds [0x0000025490ea0000, 0x0000025491d60000, 0x00000254983d0000]
CodeHeap 'profiled nmethods': size=120000Kb used=40320Kb max_used=40320Kb free=79679Kb
 bounds [0x00000254893d0000, 0x000002548bb40000, 0x0000025490900000]
CodeHeap 'non-nmethods': size=5760Kb used=1848Kb max_used=1915Kb free=3911Kb
 bounds [0x0000025490900000, 0x0000025490b70000, 0x0000025490ea0000]
 total_blobs=21075 nmethods=20105 adapters=880
 compilation: enabled
              stopped_count=0, restarted_count=0
 full_count=0

Compilation events (20 events):
Event: 1442.051 Thread 0x00000254a4851d80 23975       3       org.gradle.util.GradleVersion::version (5 bytes)
Event: 1442.052 Thread 0x00000254a4851d80 nmethod 23975 0x000002548bb29390 code [0x000002548bb29540, 0x000002548bb29648]
Event: 1442.072 Thread 0x00000254a4851d80 23976       3       org.gradle.api.internal.artifacts.ivyservice.resolveengine.store.ResolutionResultsStoreFactory::isFull (19 bytes)
Event: 1442.073 Thread 0x00000254a4851d80 nmethod 23976 0x000002548bb29710 code [0x000002548bb298c0, 0x000002548bb29b68]
Event: 1442.073 Thread 0x00000254a4851d80 23977       3       org.gradle.api.internal.artifacts.ivyservice.resolveengine.store.DefaultBinaryStore::isInUse (17 bytes)
Event: 1442.074 Thread 0x00000254a4851d80 nmethod 23977 0x000002548bb29c90 code [0x000002548bb29e20, 0x000002548bb29f98]
Event: 1442.093 Thread 0x00000254a4851d80 23978       3       org.gradle.internal.execution.steps.ResolveIncrementalCachingStateStep$$Lambda$1948/0x00000254a6b16668::test (12 bytes)
Event: 1442.093 Thread 0x00000254a4851d80 nmethod 23978 0x000002548bb2a010 code [0x000002548bb2a1e0, 0x000002548bb2a5f8]
Event: 1442.094 Thread 0x00000254a4851d80 23979       3       org.gradle.internal.execution.caching.CachingState$CacheKeyCalculatedState::<init> (7 bytes)
Event: 1442.094 Thread 0x00000254a4851d80 nmethod 23979 0x000002548bb2a710 code [0x000002548bb2a8c0, 0x000002548bb2ab58]
Event: 1442.094 Thread 0x00000254a4851d80 23980       3       org.gradle.internal.execution.steps.SkipUpToDateStep::execute (10 bytes)
Event: 1442.094 Thread 0x00000254a4851d80 nmethod 23980 0x000002548bb2ac90 code [0x000002548bb2ae40, 0x000002548bb2b088]
Event: 1442.095 Thread 0x00000254a4851d80 23981       3       org.gradle.internal.execution.steps.SkipUpToDateStep::execute (72 bytes)
Event: 1442.101 Thread 0x00000254a4851d80 nmethod 23981 0x000002548bb2b190 code [0x000002548bb2b600, 0x000002548bb2dec8]
Event: 1442.101 Thread 0x00000254a4851d80 23982       3       org.gradle.internal.execution.steps.SkipUpToDateStep$$Lambda$1957/0x00000254a6b15d90::<init> (10 bytes)
Event: 1442.102 Thread 0x00000254a4851d80 nmethod 23982 0x000002548bb2eb10 code [0x000002548bb2ecc0, 0x000002548bb2ee78]
Event: 1442.102 Thread 0x00000254a4851d80 23983       3       org.gradle.internal.execution.steps.SkipUpToDateStep$$Lambda$1959/0x00000254a6b14a40::<init> (26 bytes)
Event: 1442.102 Thread 0x00000254a4851d80 nmethod 23983 0x000002548bb2ef10 code [0x000002548bb2f0c0, 0x000002548bb2f3b8]
Event: 1442.103 Thread 0x00000254a4851d80 23984       3       org.gradle.internal.execution.steps.WorkspaceContext::<init> (25 bytes)
Event: 1442.105 Thread 0x00000254a4851d80 nmethod 23984 0x000002548bb2f490 code [0x000002548bb2f6a0, 0x000002548bb2ff88]

GC Heap History (20 events):
Event: 1397.112 GC heap after
{Heap after GC invocations=83 (full 0):
 garbage-first heap   total 485376K, used 244308K [0x0000000700000000, 0x0000000800000000)
  region size 2048K, 2 young (4096K), 2 survivors (4096K)
 Metaspace       used 135679K, committed 137408K, reserved 557056K
  class space    used 18239K, committed 19072K, reserved 425984K
}
Event: 1404.619 GC heap before
{Heap before GC invocations=83 (full 0):
 garbage-first heap   total 485376K, used 299604K [0x0000000700000000, 0x0000000800000000)
  region size 2048K, 30 young (61440K), 2 survivors (4096K)
 Metaspace       used 136175K, committed 137984K, reserved 557056K
  class space    used 18317K, committed 19200K, reserved 425984K
}
Event: 1404.691 GC heap after
{Heap after GC invocations=84 (full 0):
 garbage-first heap   total 485376K, used 248643K [0x0000000700000000, 0x0000000800000000)
  region size 2048K, 4 young (8192K), 4 survivors (8192K)
 Metaspace       used 136175K, committed 137984K, reserved 557056K
  class space    used 18317K, committed 19200K, reserved 425984K
}
Event: 1410.607 GC heap before
{Heap before GC invocations=85 (full 0):
 garbage-first heap   total 485376K, used 287555K [0x0000000700000000, 0x0000000800000000)
  region size 2048K, 23 young (47104K), 4 survivors (8192K)
 Metaspace       used 136396K, committed 138240K, reserved 557056K
  class space    used 18330K, committed 19264K, reserved 425984K
}
Event: 1410.677 GC heap after
{Heap after GC invocations=86 (full 0):
 garbage-first heap   total 485376K, used 252884K [0x0000000700000000, 0x0000000800000000)
  region size 2048K, 3 young (6144K), 3 survivors (6144K)
 Metaspace       used 136396K, committed 138240K, reserved 557056K
  class space    used 18330K, committed 19264K, reserved 425984K
}
Event: 1412.499 GC heap before
{Heap before GC invocations=86 (full 0):
 garbage-first heap   total 485376K, used 267220K [0x0000000700000000, 0x0000000800000000)
  region size 2048K, 11 young (22528K), 3 survivors (6144K)
 Metaspace       used 136525K, committed 138368K, reserved 557056K
  class space    used 18347K, committed 19264K, reserved 425984K
}
Event: 1412.598 GC heap after
{Heap after GC invocations=87 (full 0):
 garbage-first heap   total 485376K, used 252244K [0x0000000700000000, 0x0000000800000000)
  region size 2048K, 2 young (4096K), 2 survivors (4096K)
 Metaspace       used 136525K, committed 138368K, reserved 557056K
  class space    used 18347K, committed 19264K, reserved 425984K
}
Event: 1413.715 GC heap before
{Heap before GC invocations=87 (full 0):
 garbage-first heap   total 485376K, used 270676K [0x0000000700000000, 0x0000000800000000)
  region size 2048K, 11 young (22528K), 2 survivors (4096K)
 Metaspace       used 136575K, committed 138368K, reserved 557056K
  class space    used 18350K, committed 19264K, reserved 425984K
}
Event: 1413.757 GC heap after
{Heap after GC invocations=88 (full 0):
 garbage-first heap   total 485376K, used 254746K [0x0000000700000000, 0x0000000800000000)
  region size 2048K, 2 young (4096K), 2 survivors (4096K)
 Metaspace       used 136575K, committed 138368K, reserved 557056K
  class space    used 18350K, committed 19264K, reserved 425984K
}
Event: 1425.353 GC heap before
{Heap before GC invocations=88 (full 0):
 garbage-first heap   total 485376K, used 394010K [0x0000000700000000, 0x0000000800000000)
  region size 2048K, 70 young (143360K), 2 survivors (4096K)
 Metaspace       used 136906K, committed 138816K, reserved 557056K
  class space    used 18372K, committed 19328K, reserved 425984K
}
Event: 1425.524 GC heap after
{Heap after GC invocations=89 (full 0):
 garbage-first heap   total 657408K, used 275838K [0x0000000700000000, 0x0000000800000000)
  region size 2048K, 9 young (18432K), 9 survivors (18432K)
 Metaspace       used 136906K, committed 138816K, reserved 557056K
  class space    used 18372K, committed 19328K, reserved 425984K
}
Event: 1430.213 GC heap before
{Heap before GC invocations=90 (full 0):
 garbage-first heap   total 657408K, used 290174K [0x0000000700000000, 0x0000000800000000)
  region size 2048K, 16 young (32768K), 9 survivors (18432K)
 Metaspace       used 136999K, committed 138880K, reserved 557056K
  class space    used 18386K, committed 19328K, reserved 425984K
}
Event: 1430.422 GC heap after
{Heap after GC invocations=91 (full 0):
 garbage-first heap   total 657408K, used 280523K [0x0000000700000000, 0x0000000800000000)
  region size 2048K, 2 young (4096K), 2 survivors (4096K)
 Metaspace       used 136999K, committed 138880K, reserved 557056K
  class space    used 18386K, committed 19328K, reserved 425984K
}
Event: 1434.544 GC heap before
{Heap before GC invocations=91 (full 0):
 garbage-first heap   total 657408K, used 309195K [0x0000000700000000, 0x0000000800000000)
  region size 2048K, 16 young (32768K), 2 survivors (4096K)
 Metaspace       used 137213K, committed 139200K, reserved 557056K
  class space    used 18421K, committed 19392K, reserved 425984K
}
Event: 1434.666 GC heap after
{Heap after GC invocations=92 (full 0):
 garbage-first heap   total 657408K, used 269915K [0x0000000700000000, 0x0000000800000000)
  region size 2048K, 2 young (4096K), 2 survivors (4096K)
 Metaspace       used 137213K, committed 139200K, reserved 557056K
  class space    used 18421K, committed 19392K, reserved 425984K
}
Event: 1437.625 GC heap before
{Heap before GC invocations=92 (full 0):
 garbage-first heap   total 657408K, used 298587K [0x0000000700000000, 0x0000000800000000)
  region size 2048K, 16 young (32768K), 2 survivors (4096K)
 Metaspace       used 137434K, committed 139456K, reserved 557056K
  class space    used 18441K, committed 19456K, reserved 425984K
}
Event: 1437.702 GC heap after
{Heap after GC invocations=93 (full 0):
 garbage-first heap   total 657408K, used 267182K [0x0000000700000000, 0x0000000800000000)
  region size 2048K, 2 young (4096K), 2 survivors (4096K)
 Metaspace       used 137434K, committed 139456K, reserved 557056K
  class space    used 18441K, committed 19456K, reserved 425984K
}
Event: 1439.452 GC heap before
{Heap before GC invocations=93 (full 0):
 garbage-first heap   total 657408K, used 295854K [0x0000000700000000, 0x0000000800000000)
  region size 2048K, 16 young (32768K), 2 survivors (4096K)
 Metaspace       used 137540K, committed 139520K, reserved 557056K
  class space    used 18451K, committed 19456K, reserved 425984K
}
Event: 1439.519 GC heap after
{Heap after GC invocations=94 (full 0):
 garbage-first heap   total 657408K, used 262546K [0x0000000700000000, 0x0000000800000000)
  region size 2048K, 1 young (2048K), 1 survivors (2048K)
 Metaspace       used 137540K, committed 139520K, reserved 557056K
  class space    used 18451K, committed 19456K, reserved 425984K
}
Event: 1442.162 GC heap before
{Heap before GC invocations=94 (full 0):
 garbage-first heap   total 657408K, used 293266K [0x0000000700000000, 0x0000000800000000)
  region size 2048K, 16 young (32768K), 1 survivors (2048K)
 Metaspace       used 137705K, committed 139776K, reserved 557056K
  class space    used 18477K, committed 19520K, reserved 425984K
}

Dll operation events (15 events):
Event: 0.040 Loaded shared library C:\Program Files\Eclipse Adoptium\jdk-17.0.16.8-hotspot\bin\java.dll
Event: 0.084 Loaded shared library C:\Program Files\Eclipse Adoptium\jdk-17.0.16.8-hotspot\bin\jsvml.dll
Event: 0.228 Loaded shared library C:\Program Files\Eclipse Adoptium\jdk-17.0.16.8-hotspot\bin\zip.dll
Event: 0.238 Loaded shared library C:\Program Files\Eclipse Adoptium\jdk-17.0.16.8-hotspot\bin\instrument.dll
Event: 0.249 Loaded shared library C:\Program Files\Eclipse Adoptium\jdk-17.0.16.8-hotspot\bin\net.dll
Event: 0.253 Loaded shared library C:\Program Files\Eclipse Adoptium\jdk-17.0.16.8-hotspot\bin\nio.dll
Event: 0.260 Loaded shared library C:\Program Files\Eclipse Adoptium\jdk-17.0.16.8-hotspot\bin\zip.dll
Event: 1.555 Loaded shared library C:\Program Files\Eclipse Adoptium\jdk-17.0.16.8-hotspot\bin\jimage.dll
Event: 2.543 Loaded shared library C:\Program Files\Eclipse Adoptium\jdk-17.0.16.8-hotspot\bin\verify.dll
Event: 2.715 Loaded shared library C:\Users\USER\.gradle\native\1def1411415f61bf3af743bc5b6707747c0891f09f0c88961ee8f79bc544acac\windows-amd64\native-platform.dll
Event: 2.769 Loaded shared library C:\Users\USER\.gradle\native\0.2.8\x86_64-windows-gnu\gradle-fileevents.dll
Event: 8.476 Loaded shared library C:\Program Files\Eclipse Adoptium\jdk-17.0.16.8-hotspot\bin\management.dll
Event: 8.493 Loaded shared library C:\Program Files\Eclipse Adoptium\jdk-17.0.16.8-hotspot\bin\management_ext.dll
Event: 9.286 Loaded shared library C:\Program Files\Eclipse Adoptium\jdk-17.0.16.8-hotspot\bin\extnet.dll
Event: 10.020 Loaded shared library C:\Program Files\Eclipse Adoptium\jdk-17.0.16.8-hotspot\bin\sunmscapi.dll

Deoptimization events (20 events):
Event: 1432.933 Thread 0x00000254caaa68f0 DEOPT PACKING pc=0x0000025489edf034 sp=0x000000579b6fa250
Event: 1432.933 Thread 0x00000254caaa68f0 DEOPT UNPACKING pc=0x0000025490957124 sp=0x000000579b6f9748 mode 0
Event: 1436.695 Thread 0x00000254caaa68f0 Uncommon trap: trap_request=0xffffff45 fr.pc=0x0000025491a6f754 relative=0x0000000000001974
Event: 1436.695 Thread 0x00000254caaa68f0 Uncommon trap: reason=unstable_if action=reinterpret pc=0x0000025491a6f754 method=com.google.gson.stream.JsonWriter.string(Ljava/lang/String;)V @ 4 c2
Event: 1436.695 Thread 0x00000254caaa68f0 DEOPT PACKING pc=0x0000025491a6f754 sp=0x000000579b6fac80
Event: 1436.695 Thread 0x00000254caaa68f0 DEOPT UNPACKING pc=0x000002549095699d sp=0x000000579b6fac70 mode 2
Event: 1436.879 Thread 0x00000254c91cd8c0 Uncommon trap: trap_request=0xffffff45 fr.pc=0x00000254919093bc relative=0x000000000000055c
Event: 1436.879 Thread 0x00000254c91cd8c0 Uncommon trap: reason=unstable_if action=reinterpret pc=0x00000254919093bc method=jdk.internal.reflect.NativeMethodAccessorImpl.invoke(Ljava/lang/Object;[Ljava/lang/Object;)Ljava/lang/Object; @ 34 c2
Event: 1436.879 Thread 0x00000254c91cd8c0 DEOPT PACKING pc=0x00000254919093bc sp=0x000000579d7fea00
Event: 1436.879 Thread 0x00000254c91cd8c0 DEOPT UNPACKING pc=0x000002549095699d sp=0x000000579d7fe9e0 mode 2
Event: 1438.801 Thread 0x00000254c91c9c00 DEOPT PACKING pc=0x000002548a69c090 sp=0x000000579d6fd420
Event: 1438.801 Thread 0x00000254c91c9c00 DEOPT UNPACKING pc=0x0000025490957124 sp=0x000000579d6fc8f0 mode 0
Event: 1438.977 Thread 0x00000254c91c9c00 Uncommon trap: trap_request=0xffffffde fr.pc=0x0000025491795130 relative=0x00000000000013d0
Event: 1438.977 Thread 0x00000254c91c9c00 Uncommon trap: reason=class_check action=maybe_recompile pc=0x0000025491795130 method=org.gradle.api.internal.provider.ValidatingMapEntryCollector.add(Ljava/lang/Object;Ljava/lang/Object;Ljava/util/Map;)V @ 113 c2
Event: 1438.977 Thread 0x00000254c91c9c00 DEOPT PACKING pc=0x0000025491795130 sp=0x000000579d6fc180
Event: 1438.977 Thread 0x00000254c91c9c00 DEOPT UNPACKING pc=0x000002549095699d sp=0x000000579d6fc158 mode 2
Event: 1441.260 Thread 0x00000254c91cddd0 Uncommon trap: trap_request=0xffffff45 fr.pc=0x0000025491938700 relative=0x0000000000000de0
Event: 1441.260 Thread 0x00000254c91cddd0 Uncommon trap: reason=unstable_if action=reinterpret pc=0x0000025491938700 method=java.util.concurrent.ConcurrentLinkedQueue.offer(Ljava/lang/Object;)Z @ 96 c2
Event: 1441.260 Thread 0x00000254c91cddd0 DEOPT PACKING pc=0x0000025491938700 sp=0x000000579d8fbad0
Event: 1441.260 Thread 0x00000254c91cddd0 DEOPT UNPACKING pc=0x000002549095699d sp=0x000000579d8fb8a0 mode 2

Classes loaded (20 events):
Event: 210.417 Loading class sun/net/ConnectionResetException
Event: 210.418 Loading class sun/net/ConnectionResetException done
Event: 235.419 Loading class java/util/regex/Pattern$1
Event: 235.421 Loading class java/util/regex/Pattern$1 done
Event: 236.337 Loading class java/nio/file/StandardCopyOption
Event: 236.337 Loading class java/nio/file/StandardCopyOption done
Event: 236.339 Loading class sun/nio/fs/WindowsFileCopy
Event: 236.342 Loading class sun/nio/fs/WindowsFileCopy done
Event: 241.229 Loading class java/util/Locale$1
Event: 241.231 Loading class java/util/Locale$1 done
Event: 241.431 Loading class java/util/concurrent/CompletableFuture$AsyncRun
Event: 241.437 Loading class java/util/concurrent/CompletableFuture$AsyncRun done
Event: 1393.442 Loading class jdk/internal/math/FormattedFloatingDecimal$Form
Event: 1393.786 Loading class jdk/internal/math/FormattedFloatingDecimal$Form done
Event: 1393.797 Loading class jdk/internal/math/FormattedFloatingDecimal
Event: 1394.082 Loading class jdk/internal/math/FormattedFloatingDecimal done
Event: 1394.097 Loading class jdk/internal/math/FormattedFloatingDecimal$1
Event: 1394.112 Loading class jdk/internal/math/FormattedFloatingDecimal$1 done
Event: 1394.219 Loading class jdk/internal/math/FormattedFloatingDecimal$2
Event: 1394.226 Loading class jdk/internal/math/FormattedFloatingDecimal$2 done

Classes unloaded (0 events):
No events

Classes redefined (0 events):
No events

Internal exceptions (20 events):
Event: 1440.883 Thread 0x00000254c91cd8c0 Exception <a 'sun/nio/fs/WindowsException'{0x0000000727899c48}> (0x0000000727899c48) 
thrown [s\src\hotspot\share\prims\jni.cpp, line 516]
Event: 1440.923 Thread 0x00000254c91c9c00 Exception <a 'sun/nio/fs/WindowsException'{0x00000007279ae5a0}> (0x00000007279ae5a0) 
thrown [s\src\hotspot\share\prims\jni.cpp, line 516]
Event: 1440.926 Thread 0x00000254c91cddd0 Exception <a 'sun/nio/fs/WindowsException'{0x000000072797a660}> (0x000000072797a660) 
thrown [s\src\hotspot\share\prims\jni.cpp, line 516]
Event: 1441.278 Thread 0x00000254c91cddd0 Exception <a 'sun/nio/fs/WindowsException'{0x000000072750b0c0}> (0x000000072750b0c0) 
thrown [s\src\hotspot\share\prims\jni.cpp, line 516]
Event: 1441.278 Thread 0x00000254c91cd8c0 Exception <a 'sun/nio/fs/WindowsException'{0x00000007274fb4b0}> (0x00000007274fb4b0) 
thrown [s\src\hotspot\share\prims\jni.cpp, line 516]
Event: 1441.278 Thread 0x00000254c91cddd0 Exception <a 'sun/nio/fs/WindowsException'{0x000000072750d090}> (0x000000072750d090) 
thrown [s\src\hotspot\share\prims\jni.cpp, line 516]
Event: 1441.278 Thread 0x00000254c91cd8c0 Exception <a 'sun/nio/fs/WindowsException'{0x00000007274fd3c8}> (0x00000007274fd3c8) 
thrown [s\src\hotspot\share\prims\jni.cpp, line 516]
Event: 1441.339 Thread 0x00000254c91c9c00 Exception <a 'sun/nio/fs/WindowsException'{0x00000007275aa588}> (0x00000007275aa588) 
thrown [s\src\hotspot\share\prims\jni.cpp, line 516]
Event: 1441.339 Thread 0x00000254c91c9c00 Exception <a 'sun/nio/fs/WindowsException'{0x00000007275ac770}> (0x00000007275ac770) 
thrown [s\src\hotspot\share\prims\jni.cpp, line 516]
Event: 1441.709 Thread 0x00000254c91cb550 Exception <a 'sun/nio/fs/WindowsException'{0x0000000726b139c0}> (0x0000000726b139c0) 
thrown [s\src\hotspot\share\prims\jni.cpp, line 516]
Event: 1441.743 Thread 0x00000254c91cddd0 Exception <a 'sun/nio/fs/WindowsException'{0x0000000726b7b9a0}> (0x0000000726b7b9a0) 
thrown [s\src\hotspot\share\prims\jni.cpp, line 516]
Event: 1441.743 Thread 0x00000254c91cddd0 Exception <a 'sun/nio/fs/WindowsException'{0x0000000726b7dca8}> (0x0000000726b7dca8) 
thrown [s\src\hotspot\share\prims\jni.cpp, line 516]
Event: 1441.865 Thread 0x00000254c91cddd0 Exception <a 'sun/nio/fs/WindowsException'{0x000000072686f0e0}> (0x000000072686f0e0) 
thrown [s\src\hotspot\share\prims\jni.cpp, line 516]
Event: 1441.865 Thread 0x00000254c91cddd0 Exception <a 'sun/nio/fs/WindowsException'{0x00000007268713c0}> (0x00000007268713c0) 
thrown [s\src\hotspot\share\prims\jni.cpp, line 516]
Event: 1441.902 Thread 0x00000254c91cb550 Exception <a 'sun/nio/fs/WindowsException'{0x000000072695ce98}> (0x000000072695ce98) 
thrown [s\src\hotspot\share\prims\jni.cpp, line 516]
Event: 1441.903 Thread 0x00000254c91cb550 Exception <a 'sun/nio/fs/WindowsException'{0x000000072695f2a8}> (0x000000072695f2a8) 
thrown [s\src\hotspot\share\prims\jni.cpp, line 516]
Event: 1441.996 Thread 0x00000254c91c9c00 Exception <a 'sun/nio/fs/WindowsException'{0x0000000726724ad8}> (0x0000000726724ad8) 
thrown [s\src\hotspot\share\prims\jni.cpp, line 516]
Event: 1441.996 Thread 0x00000254c91c9c00 Exception <a 'sun/nio/fs/WindowsException'{0x0000000726726b28}> (0x0000000726726b28) 
thrown [s\src\hotspot\share\prims\jni.cpp, line 516]
Event: 1442.013 Thread 0x00000254c91cb550 Exception <a 'sun/nio/fs/WindowsException'{0x0000000726777040}> (0x0000000726777040) 
thrown [s\src\hotspot\share\prims\jni.cpp, line 516]
Event: 1442.014 Thread 0x00000254c91cb550 Exception <a 'sun/nio/fs/WindowsException'{0x00000007267793d8}> (0x00000007267793d8) 
thrown [s\src\hotspot\share\prims\jni.cpp, line 516]

VM Operations (20 events):
Event: 1433.418 Executing VM operation: HandshakeAllThreads done
Event: 1434.423 Executing VM operation: Cleanup
Event: 1434.440 Executing VM operation: Cleanup done
Event: 1434.543 Executing VM operation: G1CollectForAllocation
Event: 1434.666 Executing VM operation: G1CollectForAllocation done
Event: 1435.673 Executing VM operation: Cleanup
Event: 1435.721 Executing VM operation: Cleanup done
Event: 1436.727 Executing VM operation: Cleanup
Event: 1436.727 Executing VM operation: Cleanup done
Event: 1437.616 Executing VM operation: G1CollectForAllocation
Event: 1437.702 Executing VM operation: G1CollectForAllocation done
Event: 1438.715 Executing VM operation: Cleanup
Event: 1438.715 Executing VM operation: Cleanup done
Event: 1439.437 Executing VM operation: G1CollectForAllocation
Event: 1439.519 Executing VM operation: G1CollectForAllocation done
Event: 1440.538 Executing VM operation: Cleanup
Event: 1440.743 Executing VM operation: Cleanup done
Event: 1441.758 Executing VM operation: Cleanup
Event: 1441.821 Executing VM operation: Cleanup done
Event: 1442.162 Executing VM operation: G1CollectForAllocation

Memory protections (0 events):
No events

Nmethod flushes (20 events):
Event: 531.724 Thread 0x00000254a4852690 flushing  nmethod 0x000002548b57a510
Event: 531.724 Thread 0x00000254a4852690 flushing  nmethod 0x000002548b57af90
Event: 531.724 Thread 0x00000254a4852690 flushing  nmethod 0x000002548b57c710
Event: 531.724 Thread 0x00000254a4852690 flushing  nmethod 0x000002548b57cc10
Event: 531.724 Thread 0x00000254a4852690 flushing  nmethod 0x000002548b57d210
Event: 531.724 Thread 0x00000254a4852690 flushing  nmethod 0x000002548b57d590
Event: 531.724 Thread 0x00000254a4852690 flushing  nmethod 0x000002548b57d910
Event: 531.724 Thread 0x00000254a4852690 flushing  nmethod 0x000002548b57de10
Event: 531.724 Thread 0x00000254a4852690 flushing  nmethod 0x000002548b57ee90
Event: 531.724 Thread 0x00000254a4852690 flushing  nmethod 0x000002548b588590
Event: 531.725 Thread 0x00000254a4852690 flushing  nmethod 0x000002548b588d90
Event: 531.725 Thread 0x00000254a4852690 flushing  nmethod 0x000002548b589490
Event: 531.725 Thread 0x00000254a4852690 flushing  nmethod 0x000002548b58a610
Event: 531.725 Thread 0x00000254a4852690 flushing  nmethod 0x000002548b58af90
Event: 531.725 Thread 0x00000254a4852690 flushing  nmethod 0x000002548b58c310
Event: 531.725 Thread 0x00000254a4852690 flushing  nmethod 0x000002548b595a10
Event: 531.725 Thread 0x00000254a4852690 flushing  nmethod 0x000002548b5a4010
Event: 531.725 Thread 0x00000254a4852690 flushing  nmethod 0x000002548b5a6210
Event: 531.726 Thread 0x00000254a4852690 flushing  nmethod 0x000002548b5bab90
Event: 1433.449 Thread 0x00000254a4852690 flushing  nmethod 0x000002548975bd10

Events (20 events):
Event: 1410.511 Thread 0x00000254caaa68f0 Thread added: 0x00000254c6c76710
Event: 1410.512 Thread 0x00000254caaa68f0 Thread added: 0x00000254c74512c0
Event: 1411.362 Thread 0x00000254caaa68f0 Thread added: 0x00000254c7453120
Event: 1411.651 Thread 0x00000254caaa68f0 Thread added: 0x00000254c744f970
Event: 1413.912 Thread 0x00000254caaa68f0 Thread added: 0x00000254c744fe80
Event: 1413.913 Thread 0x00000254caaa68f0 Thread added: 0x00000254c7454050
Event: 1413.914 Thread 0x00000254caaa68f0 Thread added: 0x00000254c74517d0
Event: 1413.945 Thread 0x00000254caaa68f0 Thread added: 0x00000254c7454560
Event: 1413.946 Thread 0x00000254caaa68f0 Thread added: 0x00000254c7450db0
Event: 1413.948 Thread 0x00000254caaa68f0 Thread added: 0x00000254c74568d0
Event: 1415.982 Thread 0x00000254caaa68f0 Thread added: 0x00000254c7454a70
Event: 1415.983 Thread 0x00000254caaa68f0 Thread added: 0x00000254c7454f80
Event: 1418.161 Thread 0x00000254caaa68f0 Thread added: 0x00000254c74563c0
Event: 1418.205 Thread 0x00000254c74563c0 Thread added: 0x00000254c42b32a0
Event: 1418.206 Thread 0x00000254c74563c0 Thread added: 0x00000254c42b37b0
Event: 1436.181 Thread 0x00000254a4851d80 Thread added: 0x00000254d04866f0
Event: 1436.825 Thread 0x00000254caaa68f0 Thread added: 0x00000254c42b1950
Event: 1436.828 Thread 0x00000254caaa68f0 Thread added: 0x00000254c42b6540
Event: 1436.884 Thread 0x00000254c91cb550 Thread added: 0x00000254c42b4bf0
Event: 1441.273 Thread 0x00000254d04866f0 Thread exited: 0x00000254d04866f0


Dynamic libraries:
0x00007ff641620000 - 0x00007ff64162e000 	C:\Program Files\Eclipse Adoptium\jdk-17.0.16.8-hotspot\bin\java.exe
0x00007ffe01480000 - 0x00007ffe016e8000 	C:\WINDOWS\SYSTEM32\ntdll.dll
0x00007ffe00470000 - 0x00007ffe00539000 	C:\WINDOWS\System32\KERNEL32.DLL
0x00007ffdfe730000 - 0x00007ffdfeb28000 	C:\WINDOWS\System32\KERNELBASE.dll
0x00007ffdfeb60000 - 0x00007ffdfecab000 	C:\WINDOWS\System32\ucrtbase.dll
0x00007ffdda080000 - 0x00007ffdda097000 	C:\Program Files\Eclipse Adoptium\jdk-17.0.16.8-hotspot\bin\jli.dll
0x00007ffdd9dc0000 - 0x00007ffdd9dde000 	C:\Program Files\Eclipse Adoptium\jdk-17.0.16.8-hotspot\bin\VCRUNTIME140.dll
0x00007ffe011e0000 - 0x00007ffe013a7000 	C:\WINDOWS\System32\USER32.dll
0x00007ffde3d50000 - 0x00007ffde3fe4000 	C:\WINDOWS\WinSxS\amd64_microsoft.windows.common-controls_6595b64144ccf1df_6.0.26100.7019_none_3e06ffa0e335b8a8\COMCTL32.dll
0x00007ffe002e0000 - 0x00007ffe00389000 	C:\WINDOWS\System32\msvcrt.dll
0x00007ffdfeb30000 - 0x00007ffdfeb57000 	C:\WINDOWS\System32\win32u.dll
0x00007ffe002b0000 - 0x00007ffe002db000 	C:\WINDOWS\System32\GDI32.dll
0x00007ffdfeef0000 - 0x00007ffdff01c000 	C:\WINDOWS\System32\gdi32full.dll
0x00007ffdfe5d0000 - 0x00007ffdfe673000 	C:\WINDOWS\System32\msvcp_win.dll
0x00007ffe00100000 - 0x00007ffe00131000 	C:\WINDOWS\System32\IMM32.DLL
0x00007ffde62d0000 - 0x00007ffde62dc000 	C:\Program Files\Eclipse Adoptium\jdk-17.0.16.8-hotspot\bin\vcruntime140_1.dll
0x00007ffdc5580000 - 0x00007ffdc560d000 	C:\Program Files\Eclipse Adoptium\jdk-17.0.16.8-hotspot\bin\msvcp140.dll
0x00007ffd094e0000 - 0x00007ffd0a14b000 	C:\Program Files\Eclipse Adoptium\jdk-17.0.16.8-hotspot\bin\server\jvm.dll
0x00007ffe00c40000 - 0x00007ffe00cf4000 	C:\WINDOWS\System32\ADVAPI32.dll
0x00007ffe00ef0000 - 0x00007ffe00f96000 	C:\WINDOWS\System32\sechost.dll
0x00007ffe010c0000 - 0x00007ffe011d8000 	C:\WINDOWS\System32\RPCRT4.dll
0x00007ffe00d00000 - 0x00007ffe00d74000 	C:\WINDOWS\System32\WS2_32.dll
0x00007ffdfe430000 - 0x00007ffdfe48e000 	C:\WINDOWS\SYSTEM32\POWRPROF.dll
0x00007ffdf6df0000 - 0x00007ffdf6dfb000 	C:\WINDOWS\SYSTEM32\VERSION.dll
0x00007ffde5df0000 - 0x00007ffde5e25000 	C:\WINDOWS\SYSTEM32\WINMM.dll
0x00007ffdfe410000 - 0x00007ffdfe424000 	C:\WINDOWS\SYSTEM32\UMPDC.dll
0x00007ffdfd390000 - 0x00007ffdfd3ab000 	C:\WINDOWS\SYSTEM32\kernel.appcore.dll
0x00007ffde3ff0000 - 0x00007ffde3ffa000 	C:\Program Files\Eclipse Adoptium\jdk-17.0.16.8-hotspot\bin\jimage.dll
0x00007ffdfbcd0000 - 0x00007ffdfbf12000 	C:\WINDOWS\SYSTEM32\DBGHELP.DLL
0x00007ffdffbe0000 - 0x00007ffdfff6b000 	C:\WINDOWS\System32\combase.dll
0x00007ffe00390000 - 0x00007ffe00467000 	C:\WINDOWS\System32\OLEAUT32.dll
0x00007ffde36d0000 - 0x00007ffde370c000 	C:\WINDOWS\SYSTEM32\dbgcore.DLL
0x00007ffdfe680000 - 0x00007ffdfe725000 	C:\WINDOWS\System32\bcryptPrimitives.dll
0x00007ffdeabf0000 - 0x00007ffdeabfe000 	C:\Program Files\Eclipse Adoptium\jdk-17.0.16.8-hotspot\bin\instrument.dll
0x00007ffdd4570000 - 0x00007ffdd4595000 	C:\Program Files\Eclipse Adoptium\jdk-17.0.16.8-hotspot\bin\java.dll
0x00007ffdaadf0000 - 0x00007ffdaaec7000 	C:\Program Files\Eclipse Adoptium\jdk-17.0.16.8-hotspot\bin\jsvml.dll
0x00007ffdff3d0000 - 0x00007ffdffb1f000 	C:\WINDOWS\System32\SHELL32.dll
0x00007ffdff0b0000 - 0x00007ffdff21b000 	C:\WINDOWS\System32\wintypes.dll
0x00007ffdfc230000 - 0x00007ffdfca8d000 	C:\WINDOWS\SYSTEM32\windows.storage.dll
0x00007ffe00fa0000 - 0x00007ffe01092000 	C:\WINDOWS\System32\SHCORE.dll
0x00007ffe00e80000 - 0x00007ffe00ee7000 	C:\WINDOWS\System32\shlwapi.dll
0x00007ffdfe4f0000 - 0x00007ffdfe519000 	C:\WINDOWS\SYSTEM32\profapi.dll
0x00007ffdd3ff0000 - 0x00007ffdd4008000 	C:\Program Files\Eclipse Adoptium\jdk-17.0.16.8-hotspot\bin\zip.dll
0x00007ffdd5800000 - 0x00007ffdd5819000 	C:\Program Files\Eclipse Adoptium\jdk-17.0.16.8-hotspot\bin\net.dll
0x00007ffdf2d50000 - 0x00007ffdf2e78000 	C:\WINDOWS\SYSTEM32\WINHTTP.dll
0x00007ffdfd900000 - 0x00007ffdfd96b000 	C:\WINDOWS\system32\mswsock.dll
0x00007ffdd4600000 - 0x00007ffdd4616000 	C:\Program Files\Eclipse Adoptium\jdk-17.0.16.8-hotspot\bin\nio.dll
0x00007ffdda0e0000 - 0x00007ffdda0f0000 	C:\Program Files\Eclipse Adoptium\jdk-17.0.16.8-hotspot\bin\verify.dll
0x00007ffdd4f60000 - 0x00007ffdd4f87000 	C:\Users\USER\.gradle\native\1def1411415f61bf3af743bc5b6707747c0891f09f0c88961ee8f79bc544acac\windows-amd64\native-platform.dll
0x00007ffdda0f0000 - 0x00007ffdda167000 	C:\Users\USER\.gradle\native\0.2.8\x86_64-windows-gnu\gradle-fileevents.dll
0x00007ffde1700000 - 0x00007ffde170a000 	C:\Program Files\Eclipse Adoptium\jdk-17.0.16.8-hotspot\bin\management.dll
0x00007ffdddb10000 - 0x00007ffdddb1b000 	C:\Program Files\Eclipse Adoptium\jdk-17.0.16.8-hotspot\bin\management_ext.dll
0x00007ffe00000000 - 0x00007ffe00008000 	C:\WINDOWS\System32\PSAPI.DLL
0x00007ffdfce50000 - 0x00007ffdfce84000 	C:\WINDOWS\SYSTEM32\IPHLPAPI.DLL
0x00007ffdff3c0000 - 0x00007ffdff3ca000 	C:\WINDOWS\System32\NSI.dll
0x00007ffdf6e00000 - 0x00007ffdf6e1e000 	C:\WINDOWS\SYSTEM32\dhcpcsvc6.DLL
0x00007ffdf2cb0000 - 0x00007ffdf2cd3000 	C:\WINDOWS\SYSTEM32\dhcpcsvc.DLL
0x00007ffdfce90000 - 0x00007ffdfcfbc000 	C:\WINDOWS\SYSTEM32\DNSAPI.dll
0x00007ffdd9e00000 - 0x00007ffdd9e09000 	C:\Program Files\Eclipse Adoptium\jdk-17.0.16.8-hotspot\bin\extnet.dll
0x00007ffdfdbc0000 - 0x00007ffdfdbdb000 	C:\WINDOWS\SYSTEM32\CRYPTSP.dll
0x00007ffdfd2f0000 - 0x00007ffdfd32a000 	C:\WINDOWS\system32\rsaenh.dll
0x00007ffdfd9b0000 - 0x00007ffdfd9db000 	C:\WINDOWS\SYSTEM32\USERENV.dll
0x00007ffdfe4c0000 - 0x00007ffdfe4ea000 	C:\WINDOWS\SYSTEM32\bcrypt.dll
0x00007ffdfdbe0000 - 0x00007ffdfdbec000 	C:\WINDOWS\SYSTEM32\CRYPTBASE.dll
0x00007ffde6230000 - 0x00007ffde623e000 	C:\Program Files\Eclipse Adoptium\jdk-17.0.16.8-hotspot\bin\sunmscapi.dll
0x00007ffdfecb0000 - 0x00007ffdfee27000 	C:\WINDOWS\System32\CRYPT32.dll
0x00007ffdfdde0000 - 0x00007ffdfde10000 	C:\WINDOWS\SYSTEM32\ncrypt.dll
0x00007ffdfdd90000 - 0x00007ffdfddcf000 	C:\WINDOWS\SYSTEM32\NTASN1.dll
0x00007ffdb8e90000 - 0x00007ffdb8e98000 	C:\WINDOWS\system32\wshunix.dll
0x00007ffde5af0000 - 0x00007ffde5afb000 	C:\Windows\System32\rasadhlp.dll
0x00007ffdf2200000 - 0x00007ffdf2286000 	C:\WINDOWS\System32\fwpuclnt.dll

dbghelp: loaded successfully - version: 4.0.5 - missing functions: none
symbol engine: initialized successfully - sym options: 0x614 - pdb path: .;C:\Program Files\Eclipse Adoptium\jdk-17.0.16.8-hotspot\bin;C:\WINDOWS\SYSTEM32;C:\WINDOWS\WinSxS\amd64_microsoft.windows.common-controls_6595b64144ccf1df_6.0.26100.7019_none_3e06ffa0e335b8a8;C:\Program Files\Eclipse Adoptium\jdk-17.0.16.8-hotspot\bin\server;C:\Users\USER\.gradle\native\1def1411415f61bf3af743bc5b6707747c0891f09f0c88961ee8f79bc544acac\windows-amd64;C:\Users\USER\.gradle\native\0.2.8\x86_64-windows-gnu

VM Arguments:
jvm_args: --add-opens=java.base/java.lang=ALL-UNNAMED --add-opens=java.base/java.lang.invoke=ALL-UNNAMED --add-opens=java.base/java.util=ALL-UNNAMED --add-opens=java.prefs/java.util.prefs=ALL-UNNAMED --add-exports=jdk.compiler/com.sun.tools.javac.api=ALL-UNNAMED --add-exports=jdk.compiler/com.sun.tools.javac.util=ALL-UNNAMED --add-opens=java.base/java.util=ALL-UNNAMED --add-opens=java.prefs/java.util.prefs=ALL-UNNAMED --add-opens=java.base/java.nio.charset=ALL-UNNAMED --add-opens=java.base/java.net=ALL-UNNAMED --add-opens=java.base/java.util.concurrent=ALL-UNNAMED --add-opens=java.base/java.util.concurrent.atomic=ALL-UNNAMED --add-opens=java.xml/javax.xml.namespace=ALL-UNNAMED -XX:MaxMetaspaceSize=512m -Xmx4096m -Dfile.encoding=windows-1252 -Duser.country=ID -Duser.language=en -Duser.variant -javaagent:C:\Users\USER\.gradle\wrapper\dists\gradle-9.0.0-bin\d6wjpkvcgsg3oed0qlfss3wgl\gradle-9.0.0\lib\agents\gradle-instrumentation-agent-9.0.0.jar 
java_command: org.gradle.launcher.daemon.bootstrap.GradleDaemon 9.0.0
java_class_path (initial): C:\Users\USER\.gradle\wrapper\dists\gradle-9.0.0-bin\d6wjpkvcgsg3oed0qlfss3wgl\gradle-9.0.0\lib\gradle-daemon-main-9.0.0.jar
Launcher Type: SUN_STANDARD

[Global flags]
     intx CICompilerCount                          = 3                                         {product} {ergonomic}
   size_t CompressedClassSpaceSize                 = 436207616                                 {product} {ergonomic}
     uint ConcGCThreads                            = 1                                         {product} {ergonomic}
     uint G1ConcRefinementThreads                  = 4                                         {product} {ergonomic}
   size_t G1HeapRegionSize                         = 2097152                                   {product} {ergonomic}
    uintx GCDrainStackTargetSize                   = 64                                        {product} {ergonomic}
   size_t InitialHeapSize                          = 65011712                                  {product} {ergonomic}
   size_t MarkStackSize                            = 4194304                                   {product} {ergonomic}
   size_t MaxHeapSize                              = 4294967296                                {product} {command line}
   size_t MaxMetaspaceSize                         = 536870912                                 {product} {command line}
   size_t MaxNewSize                               = 2575302656                                {product} {ergonomic}
   size_t MinHeapDeltaBytes                        = 2097152                                   {product} {ergonomic}
   size_t MinHeapSize                              = 8388608                                   {product} {ergonomic}
    uintx NonNMethodCodeHeapSize                   = 5832780                                {pd product} {ergonomic}
    uintx NonProfiledCodeHeapSize                  = 122912730                              {pd product} {ergonomic}
    uintx ProfiledCodeHeapSize                     = 122912730                              {pd product} {ergonomic}
    uintx ReservedCodeCacheSize                    = 251658240                              {pd product} {ergonomic}
     bool SegmentedCodeCache                       = true                                      {product} {ergonomic}
   size_t SoftMaxHeapSize                          = 4294967296                             {manageable} {ergonomic}
     bool UseCompressedClassPointers               = true                           {product lp64_product} {ergonomic}
     bool UseCompressedOops                        = true                           {product lp64_product} {ergonomic}
     bool UseG1GC                                  = true                                      {product} {ergonomic}
     bool UseLargePagesIndividualAllocation        = false                                  {pd product} {ergonomic}

Logging:
Log output configuration:
 #0: stdout all=warning uptime,level,tags
 #1: stderr all=off uptime,level,tags

Environment Variables:
JAVA_HOME=C:\Program Files\Eclipse Adoptium\jdk-17.0.16.8-hotspot
PATH=C:\Android_HL\amgtech\amgtech\node_modules\.bin;C:\Android_HL\amgtech\amgtech\node_modules\.bin;C:\Android_HL\amgtech\node_modules\.bin;C:\Android_HL\node_modules\.bin;C:\node_modules\.bin;C:\Users\USER\AppData\Local\nvm\v20.17.0\node_modules\npm\node_modules\@npmcli\run-script\lib\node-gyp-bin;C:\Program Files\Eclipse Adoptium\jdk-17.0.16.8-hotspot\bin;C:\Program Files\Common Files\Oracle\Java\javapath;C:\ProgramData\Oracle\Java\javapath;C:\WINDOWS\system32;C:\WINDOWS;C:\WINDOWS\System32\Wbem;C:\WINDOWS\System32\WindowsPowerShell\v1.0\;C:\WINDOWS\System32\OpenSSH\;C:\Program Files\Java\jdk-20\bin;C:\Program Files\Git\cmd;C:\Program Files\Eclipse Adoptium\jdk-17.0.16.8-hotspot\bin;C:\Users\USER\AppData\Local\nvm;C:\nvm4w\nodejs;C:\Program Files\Eclipse Adoptium\jdk-17.0.16.8-hotspot\bin;C:\Program Files\Common Files\Oracle\Java\javapath;C:\ProgramData\Oracle\Java\javapath;C:\WINDOWS\system32;C:\WINDOWS;C:\WINDOWS\System32\Wbem;C:\WINDOWS\System32\WindowsPowerShell\v1.0\;C:\WINDOWS\System32\OpenSSH\;C:\Program Files\Java\jdk-20\bin;C:\Program Files\Git\cmd;C:\Program Files\nodejs\;C:\Users\USER\AppData\Local\Microsoft\WindowsApps;C:\Users\USER\AppData\Local\Programs\Microsoft VS Code\bin;C:\xampp\php;C:\Users\USER\AppData\Local\ComposerSetup\bin;C:\Users\USER\AppData\Roaming\Composer\vendor\bin;C:\Users\USER\AppData\Local\GitHubDesktop\bin;C:\Users\USER\AppData\Roaming\Programs\Zero Install;C:\Users\USER\AppData\Local\Microsoft\WindowsApps;C:\Users\USER\AppData\Local\Android\Sdk\platform-tools;C:\Users\USER\AppData\Local\Android\Sdk\tools;C:\Users\USER\AppData\Local\Android\Sdk\tools\bin;C:\Users\USER\AppData\Local\nvm;C:\nvm4w\nodejs;c:\Users\USER\AppData\Roaming\Code\User\globalStorage\github.copilot-chat\debugCommand
USERNAME=USER
LANG=en_US.UTF-8
OS=Windows_NT
PROCESSOR_IDENTIFIER=Intel64 Family 6 Model 122 Stepping 8, GenuineIntel
TMP=C:\Users\USER\AppData\Local\Temp
TEMP=C:\Users\USER\AppData\Local\Temp



Periodic native trim disabled


---------------  S Y S T E M  ---------------

OS:
 Windows 11 , 64 bit Build 26100 (10.0.26100.7019)
OS uptime: 0 days 5:57 hours

CPU: total 4 (initial active 4) (4 cores per cpu, 1 threads per core) family 6 model 122 stepping 8 microcode 0x22, cx8, cmov, fxsr, mmx, 3dnowpref, sse, sse2, sse3, ssse3, sse4.1, sse4.2, popcnt, tsc, tscinvbit, aes, erms, clmul, sha, clflush, clflushopt
Processor Information for all 4 processors :
  Max Mhz: 1101, Current Mhz: 1101, Mhz Limit: 1101

Memory: 4k page, system-wide physical 3909M (377M free)
TotalPageFile size 15685M (AvailPageFile size 552M)
current process WorkingSet (physical memory assigned to process): 433M, peak: 542M
current process commit charge ("private bytes"): 1065M, peak: 1708M

vm_info: OpenJDK 64-Bit Server VM (17.0.16+8) for windows-amd64 JRE (17.0.16+8), built on Jul 16 2025 10:37:56 by "admin" with MS VC++ 17.7 (VS2022)

END.
